"scenario","region","gcam_cover","year","gcam_cover_area_thouskm2"
"CONTROL","Global","gcam_man_forest",2015,8152.906092199
"CONTROL","Global","gcam_man_forest",2020,8685.668815029
"CONTROL","Global","gcam_man_forest",2025,9061.078073821
"CONTROL","Global","gcam_man_forest",2030,9452.252624536
"CONTROL","Global","gcam_man_forest",2035,9793.341318025
"CONTROL","Global","gcam_man_forest",2040,9888.31415053728
"CONTROL","Global","gcam_man_forest",2045,10031.6701731917
"CONTROL","Global","gcam_man_forest",2050,10146.4016993397
"CONTROL","Global","gcam_man_forest",2055,10224.8093028366
"CONTROL","Global","gcam_man_forest",2060,10274.8616588632
"CONTROL","Global","gcam_man_forest",2065,10309.494250408
"CONTROL","Global","gcam_man_forest",2070,10380.0322828973
"CONTROL","Global","gcam_man_forest",2075,10418.8330554754
"CONTROL","Global","gcam_man_forest",2080,10424.3103500916
"CONTROL","Global","gcam_man_forest",2085,10399.4948053622
"CONTROL","Global","gcam_man_forest",2090,10376.723343179
"CONTROL","Global","gcam_man_forest",2095,10367.7648491611
"CONTROL","Global","gcam_man_forest",2100,10349.1367209113
"FULL_FDBK","Global","gcam_man_forest",2015,8152.906092199
"FULL_FDBK","Global","gcam_man_forest",2020,8685.668815029
"FULL_FDBK","Global","gcam_man_forest",2025,8814.411180624
"FULL_FDBK","Global","gcam_man_forest",2030,8985.552550275
"FULL_FDBK","Global","gcam_man_forest",2035,9306.324762988
"FULL_FDBK","Global","gcam_man_forest",2040,9389.21456167765
"FULL_FDBK","Global","gcam_man_forest",2045,9471.98991734735
"FULL_FDBK","Global","gcam_man_forest",2050,9800.78472394655
"FULL_FDBK","Global","gcam_man_forest",2055,10099.366930329
"FULL_FDBK","Global","gcam_man_forest",2060,9990.40241022478
"FULL_FDBK","Global","gcam_man_forest",2065,9962.45616875047
"FULL_FDBK","Global","gcam_man_forest",2070,9797.86644990357
"FULL_FDBK","Global","gcam_man_forest",2075,10144.1142545154
"FULL_FDBK","Global","gcam_man_forest",2080,10203.1378826472
"FULL_FDBK","Global","gcam_man_forest",2085,9812.25180288442
"FULL_FDBK","Global","gcam_man_forest",2090,9951.31811052742
"FULL_FDBK","Global","gcam_man_forest",2095,10090.1036902922
"FULL_FDBK","Global","gcam_man_forest",2100,10026.3354383039
"CONTROL","Global","gcam_unman_forest",2015,21769.2445706112
"CONTROL","Global","gcam_unman_forest",2020,21499.7692549812
"CONTROL","Global","gcam_unman_forest",2025,21023.0043131602
"CONTROL","Global","gcam_unman_forest",2030,20646.7135227782
"CONTROL","Global","gcam_unman_forest",2035,20252.0218650522
"CONTROL","Global","gcam_unman_forest",2040,20486.8519827662
"CONTROL","Global","gcam_unman_forest",2045,20485.8931884412
"CONTROL","Global","gcam_unman_forest",2050,20506.6118079302
"CONTROL","Global","gcam_unman_forest",2055,20641.3083910988
"CONTROL","Global","gcam_unman_forest",2060,20824.4182130589
"CONTROL","Global","gcam_unman_forest",2065,20987.9931504566
"CONTROL","Global","gcam_unman_forest",2070,21034.0783246563
"CONTROL","Global","gcam_unman_forest",2075,21089.0412867126
"CONTROL","Global","gcam_unman_forest",2080,21143.1912023066
"CONTROL","Global","gcam_unman_forest",2085,21199.2409615767
"CONTROL","Global","gcam_unman_forest",2090,21230.4439508432
"CONTROL","Global","gcam_unman_forest",2095,21241.4591038731
"CONTROL","Global","gcam_unman_forest",2100,21263.4191790779
"FULL_FDBK","Global","gcam_unman_forest",2015,21769.2445706112
"FULL_FDBK","Global","gcam_unman_forest",2020,21499.7692549812
"FULL_FDBK","Global","gcam_unman_forest",2025,21125.2912625812
"FULL_FDBK","Global","gcam_unman_forest",2030,20849.7784907902
"FULL_FDBK","Global","gcam_unman_forest",2035,20444.1845618842
"FULL_FDBK","Global","gcam_unman_forest",2040,20710.1407231552
"FULL_FDBK","Global","gcam_unman_forest",2045,20791.7887235932
"FULL_FDBK","Global","gcam_unman_forest",2050,20703.5867125712
"FULL_FDBK","Global","gcam_unman_forest",2055,20852.3703989063
"FULL_FDBK","Global","gcam_unman_forest",2060,21119.1816275547
"FULL_FDBK","Global","gcam_unman_forest",2065,21304.2789852936
"FULL_FDBK","Global","gcam_unman_forest",2070,21415.6235415274
"FULL_FDBK","Global","gcam_unman_forest",2075,21455.1871562346
"FULL_FDBK","Global","gcam_unman_forest",2080,21474.2658331986
"FULL_FDBK","Global","gcam_unman_forest",2085,21969.0492215393
"FULL_FDBK","Global","gcam_unman_forest",2090,21948.0034830451
"FULL_FDBK","Global","gcam_unman_forest",2095,21934.6521382422
"FULL_FDBK","Global","gcam_unman_forest",2100,22007.7039401666
"CONTROL","Global","gcam_crop",2015,15838.9827610302
"CONTROL","Global","gcam_crop",2020,16193.3499172057
"CONTROL","Global","gcam_crop",2025,17271.4787116587
"CONTROL","Global","gcam_crop",2030,17946.6547191577
"CONTROL","Global","gcam_crop",2035,18725.0573624563
"CONTROL","Global","gcam_crop",2040,18809.238406829
"CONTROL","Global","gcam_crop",2045,19158.2438758081
"CONTROL","Global","gcam_crop",2050,19377.6236247707
"CONTROL","Global","gcam_crop",2055,19377.7506537403
"CONTROL","Global","gcam_crop",2060,19213.6058155418
"CONTROL","Global","gcam_crop",2065,19042.2590440132
"CONTROL","Global","gcam_crop",2070,18983.9923540698
"CONTROL","Global","gcam_crop",2075,18931.609663185
"CONTROL","Global","gcam_crop",2080,18922.7964333937
"CONTROL","Global","gcam_crop",2085,18942.2452412984
"CONTROL","Global","gcam_crop",2090,18979.3543567197
"CONTROL","Global","gcam_crop",2095,19003.1273420155
"CONTROL","Global","gcam_crop",2100,18996.6358299312
"FULL_FDBK","Global","gcam_crop",2015,15838.9827610302
"FULL_FDBK","Global","gcam_crop",2020,16193.3499172057
"FULL_FDBK","Global","gcam_crop",2025,16866.7827550175
"FULL_FDBK","Global","gcam_crop",2030,17419.5730376327
"FULL_FDBK","Global","gcam_crop",2035,18248.0189548761
"FULL_FDBK","Global","gcam_crop",2040,18328.7690565721
"FULL_FDBK","Global","gcam_crop",2045,18518.8290612143
"FULL_FDBK","Global","gcam_crop",2050,19026.1611828787
"FULL_FDBK","Global","gcam_crop",2055,18598.300144527
"FULL_FDBK","Global","gcam_crop",2060,18292.7632746299
"FULL_FDBK","Global","gcam_crop",2065,18118.3111439612
"FULL_FDBK","Global","gcam_crop",2070,18310.7637186709
"FULL_FDBK","Global","gcam_crop",2075,17975.8713645764
"FULL_FDBK","Global","gcam_crop",2080,18105.7983838804
"FULL_FDBK","Global","gcam_crop",2085,18332.0753988242
"FULL_FDBK","Global","gcam_crop",2090,18258.3719962254
"FULL_FDBK","Global","gcam_crop",2095,18754.030106137
"FULL_FDBK","Global","gcam_crop",2100,18521.8303482845
"CONTROL","Global","gcam_forest",2015,29922.1506628102
"CONTROL","Global","gcam_forest",2020,30185.4380700102
"CONTROL","Global","gcam_forest",2025,30084.0823869812
"CONTROL","Global","gcam_forest",2030,30098.9661473142
"CONTROL","Global","gcam_forest",2035,30045.3631830772
"CONTROL","Global","gcam_forest",2040,30375.1661333035
"CONTROL","Global","gcam_forest",2045,30517.5633616329
"CONTROL","Global","gcam_forest",2050,30653.0135072699
"CONTROL","Global","gcam_forest",2055,30866.1176939354
"CONTROL","Global","gcam_forest",2060,31099.2798719221
"CONTROL","Global","gcam_forest",2065,31297.4874008646
"CONTROL","Global","gcam_forest",2070,31414.1106075536
"CONTROL","Global","gcam_forest",2075,31507.874342188
"CONTROL","Global","gcam_forest",2080,31567.5015523982
"CONTROL","Global","gcam_forest",2085,31598.7357669389
"CONTROL","Global","gcam_forest",2090,31607.1672940222
"CONTROL","Global","gcam_forest",2095,31609.2239530342
"CONTROL","Global","gcam_forest",2100,31612.5558999892
"FULL_FDBK","Global","gcam_forest",2015,29922.1506628102
"FULL_FDBK","Global","gcam_forest",2020,30185.4380700102
"FULL_FDBK","Global","gcam_forest",2025,29939.7024432052
"FULL_FDBK","Global","gcam_forest",2030,29835.3310410652
"FULL_FDBK","Global","gcam_forest",2035,29750.5093248722
"FULL_FDBK","Global","gcam_forest",2040,30099.3552848329
"FULL_FDBK","Global","gcam_forest",2045,30263.7786409405
"FULL_FDBK","Global","gcam_forest",2050,30504.3714365178
"FULL_FDBK","Global","gcam_forest",2055,30951.7373292353
"FULL_FDBK","Global","gcam_forest",2060,31109.5840377795
"FULL_FDBK","Global","gcam_forest",2065,31266.7351540441
"FULL_FDBK","Global","gcam_forest",2070,31213.489991431
"FULL_FDBK","Global","gcam_forest",2075,31599.30141075
"FULL_FDBK","Global","gcam_forest",2080,31677.4037158458
"FULL_FDBK","Global","gcam_forest",2085,31781.3010244237
"FULL_FDBK","Global","gcam_forest",2090,31899.3215935725
"FULL_FDBK","Global","gcam_forest",2095,32024.7558285344
"FULL_FDBK","Global","gcam_forest",2100,32034.0393784705
"CONTROL","Global","gcam_nb_crop",2015,15838.9827610302
"CONTROL","Global","gcam_nb_crop",2020,16193.3499172057
"CONTROL","Global","gcam_nb_crop",2025,16289.2873421665
"CONTROL","Global","gcam_nb_crop",2030,16357.9548858238
"CONTROL","Global","gcam_nb_crop",2035,16435.6614915212
"CONTROL","Global","gcam_nb_crop",2040,16091.2488329125
"CONTROL","Global","gcam_nb_crop",2045,15886.3641852454
"CONTROL","Global","gcam_nb_crop",2050,15702.8120886367
"CONTROL","Global","gcam_nb_crop",2055,15631.2972173328
"CONTROL","Global","gcam_nb_crop",2060,15501.5203899216
"CONTROL","Global","gcam_nb_crop",2065,15381.4255070278
"CONTROL","Global","gcam_nb_crop",2070,15342.6325358969
"CONTROL","Global","gcam_nb_crop",2075,15283.0993818677
"CONTROL","Global","gcam_nb_crop",2080,15218.49817313
"CONTROL","Global","gcam_nb_crop",2085,15142.7937139958
"CONTROL","Global","gcam_nb_crop",2090,15079.4198736869
"CONTROL","Global","gcam_nb_crop",2095,15029.5741223246
"CONTROL","Global","gcam_nb_crop",2100,14961.6009402121
"FULL_FDBK","Global","gcam_nb_crop",2015,15838.9827610302
"FULL_FDBK","Global","gcam_nb_crop",2020,16193.3499172057
"FULL_FDBK","Global","gcam_nb_crop",2025,15901.0048471918
"FULL_FDBK","Global","gcam_nb_crop",2030,15848.3852670795
"FULL_FDBK","Global","gcam_nb_crop",2035,16036.4844948611
"FULL_FDBK","Global","gcam_nb_crop",2040,15645.8602852004
"FULL_FDBK","Global","gcam_nb_crop",2045,15286.3047707954
"FULL_FDBK","Global","gcam_nb_crop",2050,15459.7493695958
"FULL_FDBK","Global","gcam_nb_crop",2055,14943.9257786144
"FULL_FDBK","Global","gcam_nb_crop",2060,14701.8612027967
"FULL_FDBK","Global","gcam_nb_crop",2065,14577.0423944487
"FULL_FDBK","Global","gcam_nb_crop",2070,14794.0823714572
"FULL_FDBK","Global","gcam_nb_crop",2075,14517.4433960812
"FULL_FDBK","Global","gcam_nb_crop",2080,14479.3265351653
"FULL_FDBK","Global","gcam_nb_crop",2085,14692.2223530341
"FULL_FDBK","Global","gcam_nb_crop",2090,14505.4346420026
"FULL_FDBK","Global","gcam_nb_crop",2095,14900.1748572381
"FULL_FDBK","Global","gcam_nb_crop",2100,14685.7028423736
"CONTROL","Global","gcam_biomass",2015,0
"CONTROL","Global","gcam_biomass",2020,0
"CONTROL","Global","gcam_biomass",2025,982.191369492189
"CONTROL","Global","gcam_biomass",2030,1588.69983333384
"CONTROL","Global","gcam_biomass",2035,2289.39587093503
"CONTROL","Global","gcam_biomass",2040,2717.98957391651
"CONTROL","Global","gcam_biomass",2045,3271.87969056263
"CONTROL","Global","gcam_biomass",2050,3674.81153613406
"CONTROL","Global","gcam_biomass",2055,3746.45343640747
"CONTROL","Global","gcam_biomass",2060,3712.08542562017
"CONTROL","Global","gcam_biomass",2065,3660.83353698545
"CONTROL","Global","gcam_biomass",2070,3641.35981817285
"CONTROL","Global","gcam_biomass",2075,3648.51028131726
"CONTROL","Global","gcam_biomass",2080,3704.29826026372
"CONTROL","Global","gcam_biomass",2085,3799.45152730256
"CONTROL","Global","gcam_biomass",2090,3899.93448303279
"CONTROL","Global","gcam_biomass",2095,3973.55321969093
"CONTROL","Global","gcam_biomass",2100,4035.03488971907
"FULL_FDBK","Global","gcam_biomass",2015,0
"FULL_FDBK","Global","gcam_biomass",2020,0
"FULL_FDBK","Global","gcam_biomass",2025,965.777907825707
"FULL_FDBK","Global","gcam_biomass",2030,1571.18777055319
"FULL_FDBK","Global","gcam_biomass",2035,2211.53446001503
"FULL_FDBK","Global","gcam_biomass",2040,2682.90877137169
"FULL_FDBK","Global","gcam_biomass",2045,3232.52429041885
"FULL_FDBK","Global","gcam_biomass",2050,3566.41181328296
"FULL_FDBK","Global","gcam_biomass",2055,3654.3743659126
"FULL_FDBK","Global","gcam_biomass",2060,3590.90207183318
"FULL_FDBK","Global","gcam_biomass",2065,3541.26874951249
"FULL_FDBK","Global","gcam_biomass",2070,3516.68134721371
"FULL_FDBK","Global","gcam_biomass",2075,3458.42796849516
"FULL_FDBK","Global","gcam_biomass",2080,3626.47184871501
"FULL_FDBK","Global","gcam_biomass",2085,3639.85304579009
"FULL_FDBK","Global","gcam_biomass",2090,3752.9373542228
"FULL_FDBK","Global","gcam_biomass",2095,3853.85524889895
"FULL_FDBK","Global","gcam_biomass",2100,3836.12750591088
"AG_FDBK","Global","gcam_man_forest",2015,8152.906092199
"AG_FDBK","Global","gcam_man_forest",2020,8685.668815029
"AG_FDBK","Global","gcam_man_forest",2025,8814.411180624
"AG_FDBK","Global","gcam_man_forest",2030,8985.552550275
"AG_FDBK","Global","gcam_man_forest",2035,9306.324762988
"AG_FDBK","Global","gcam_man_forest",2040,9389.21456167765
"AG_FDBK","Global","gcam_man_forest",2045,9511.75875395562
"AG_FDBK","Global","gcam_man_forest",2050,9710.73163842749
"AG_FDBK","Global","gcam_man_forest",2055,10073.6937403789
"AG_FDBK","Global","gcam_man_forest",2060,9951.02995725596
"AG_FDBK","Global","gcam_man_forest",2065,9841.10507737064
"AG_FDBK","Global","gcam_man_forest",2070,9817.73311460304
"AG_FDBK","Global","gcam_man_forest",2075,9936.04305108769
"AG_FDBK","Global","gcam_man_forest",2080,10180.1935644623
"AG_FDBK","Global","gcam_man_forest",2085,9940.54077302714
"AG_FDBK","Global","gcam_man_forest",2090,9835.19545325307
"AG_FDBK","Global","gcam_man_forest",2095,9926.23957557424
"AG_FDBK","Global","gcam_man_forest",2100,10120.8419444422
"AG_FDBK","Global","gcam_unman_forest",2015,21769.2445706112
"AG_FDBK","Global","gcam_unman_forest",2020,21499.7692549812
"AG_FDBK","Global","gcam_unman_forest",2025,21125.2912625812
"AG_FDBK","Global","gcam_unman_forest",2030,20849.7784907902
"AG_FDBK","Global","gcam_unman_forest",2035,20444.1845618842
"AG_FDBK","Global","gcam_unman_forest",2040,20710.1407231552
"AG_FDBK","Global","gcam_unman_forest",2045,20738.4311028512
"AG_FDBK","Global","gcam_unman_forest",2050,20827.8368621092
"AG_FDBK","Global","gcam_unman_forest",2055,20889.8210095861
"AG_FDBK","Global","gcam_unman_forest",2060,21139.1240516379
"AG_FDBK","Global","gcam_unman_forest",2065,21304.1944236316
"AG_FDBK","Global","gcam_unman_forest",2070,21387.7264048563
"AG_FDBK","Global","gcam_unman_forest",2075,21476.8494787316
"AG_FDBK","Global","gcam_unman_forest",2080,21450.1765116175
"AG_FDBK","Global","gcam_unman_forest",2085,21586.2510339827
"AG_FDBK","Global","gcam_unman_forest",2090,21557.6871339871
"AG_FDBK","Global","gcam_unman_forest",2095,21663.6552151651
"AG_FDBK","Global","gcam_unman_forest",2100,21601.9245660779
"AG_FDBK","Global","gcam_crop",2015,15838.9827610302
"AG_FDBK","Global","gcam_crop",2020,16193.3499172057
"AG_FDBK","Global","gcam_crop",2025,16866.7827550175
"AG_FDBK","Global","gcam_crop",2030,17419.5730376327
"AG_FDBK","Global","gcam_crop",2035,18248.0189548761
"AG_FDBK","Global","gcam_crop",2040,18328.7690455831
"AG_FDBK","Global","gcam_crop",2045,18692.4624909343
"AG_FDBK","Global","gcam_crop",2050,18583.2392712481
"AG_FDBK","Global","gcam_crop",2055,18435.7584620101
"AG_FDBK","Global","gcam_crop",2060,18291.2511355114
"AG_FDBK","Global","gcam_crop",2065,18261.8991926968
"AG_FDBK","Global","gcam_crop",2070,18159.0849701952
"AG_FDBK","Global","gcam_crop",2075,18114.0684913558
"AG_FDBK","Global","gcam_crop",2080,18263.3816390038
"AG_FDBK","Global","gcam_crop",2085,17955.5036474672
"AG_FDBK","Global","gcam_crop",2090,18382.9797789081
"AG_FDBK","Global","gcam_crop",2095,17915.0019259957
"AG_FDBK","Global","gcam_crop",2100,18307.2046936896
"AG_FDBK","Global","gcam_forest",2015,29922.1506628102
"AG_FDBK","Global","gcam_forest",2020,30185.4380700102
"AG_FDBK","Global","gcam_forest",2025,29939.7024432052
"AG_FDBK","Global","gcam_forest",2030,29835.3310410652
"AG_FDBK","Global","gcam_forest",2035,29750.5093248722
"AG_FDBK","Global","gcam_forest",2040,30099.3552848329
"AG_FDBK","Global","gcam_forest",2045,30250.1898568068
"AG_FDBK","Global","gcam_forest",2050,30538.5685005367
"AG_FDBK","Global","gcam_forest",2055,30963.514749965
"AG_FDBK","Global","gcam_forest",2060,31090.1540088939
"AG_FDBK","Global","gcam_forest",2065,31145.2995010022
"AG_FDBK","Global","gcam_forest",2070,31205.4595194593
"AG_FDBK","Global","gcam_forest",2075,31412.8925298193
"AG_FDBK","Global","gcam_forest",2080,31630.3700760798
"AG_FDBK","Global","gcam_forest",2085,31526.7918070098
"AG_FDBK","Global","gcam_forest",2090,31392.8825872402
"AG_FDBK","Global","gcam_forest",2095,31589.8947907393
"AG_FDBK","Global","gcam_forest",2100,31722.7665105201
"AG_FDBK","Global","gcam_nb_crop",2015,15838.9827610302
"AG_FDBK","Global","gcam_nb_crop",2020,16193.3499172057
"AG_FDBK","Global","gcam_nb_crop",2025,15901.0048471918
"AG_FDBK","Global","gcam_nb_crop",2030,15848.3852670795
"AG_FDBK","Global","gcam_nb_crop",2035,16036.4844948611
"AG_FDBK","Global","gcam_nb_crop",2040,15645.8602723104
"AG_FDBK","Global","gcam_nb_crop",2045,15445.3573937605
"AG_FDBK","Global","gcam_nb_crop",2050,15126.9557802569
"AG_FDBK","Global","gcam_nb_crop",2055,14803.5958386276
"AG_FDBK","Global","gcam_nb_crop",2060,14697.4171059073
"AG_FDBK","Global","gcam_nb_crop",2065,14680.0702980585
"AG_FDBK","Global","gcam_nb_crop",2070,14647.0209227234
"AG_FDBK","Global","gcam_nb_crop",2075,14582.9462569219
"AG_FDBK","Global","gcam_nb_crop",2080,14702.1834411746
"AG_FDBK","Global","gcam_nb_crop",2085,14299.1724131163
"AG_FDBK","Global","gcam_nb_crop",2090,14589.7045460314
"AG_FDBK","Global","gcam_nb_crop",2095,14090.948001878
"AG_FDBK","Global","gcam_nb_crop",2100,14427.002245933
"AG_FDBK","Global","gcam_biomass",2015,0
"AG_FDBK","Global","gcam_biomass",2020,0
"AG_FDBK","Global","gcam_biomass",2025,965.777907825707
"AG_FDBK","Global","gcam_biomass",2030,1571.18777055319
"AG_FDBK","Global","gcam_biomass",2035,2211.53446001503
"AG_FDBK","Global","gcam_biomass",2040,2682.90877327269
"AG_FDBK","Global","gcam_biomass",2045,3247.10509717378
"AG_FDBK","Global","gcam_biomass",2050,3456.28349099116
"AG_FDBK","Global","gcam_biomass",2055,3632.16262338245
"AG_FDBK","Global","gcam_biomass",2060,3593.83402960406
"AG_FDBK","Global","gcam_biomass",2065,3581.82889463832
"AG_FDBK","Global","gcam_biomass",2070,3512.06404747178
"AG_FDBK","Global","gcam_biomass",2075,3531.12223443384
"AG_FDBK","Global","gcam_biomass",2080,3561.1981978292
"AG_FDBK","Global","gcam_biomass",2085,3656.33123435084
"AG_FDBK","Global","gcam_biomass",2090,3793.27523287672
"AG_FDBK","Global","gcam_biomass",2095,3824.0539241177
"AG_FDBK","Global","gcam_biomass",2100,3880.20244775663
"C_FDBK","Global","gcam_man_forest",2015,8152.906092199
"C_FDBK","Global","gcam_man_forest",2020,8685.668815029
"C_FDBK","Global","gcam_man_forest",2025,9061.078073821
"C_FDBK","Global","gcam_man_forest",2030,9452.252624536
"C_FDBK","Global","gcam_man_forest",2035,9793.341318025
"C_FDBK","Global","gcam_man_forest",2040,9888.31415053728
"C_FDBK","Global","gcam_man_forest",2045,10031.6668479707
"C_FDBK","Global","gcam_man_forest",2050,10146.4053895107
"C_FDBK","Global","gcam_man_forest",2055,10224.8079269676
"C_FDBK","Global","gcam_man_forest",2060,10274.8616591742
"C_FDBK","Global","gcam_man_forest",2065,10309.49567222
"C_FDBK","Global","gcam_man_forest",2070,10380.0319444953
"C_FDBK","Global","gcam_man_forest",2075,10418.8339582644
"C_FDBK","Global","gcam_man_forest",2080,10424.3093397036
"C_FDBK","Global","gcam_man_forest",2085,10377.9271826296
"C_FDBK","Global","gcam_man_forest",2090,10355.5710573534
"C_FDBK","Global","gcam_man_forest",2095,10354.7862840205
"C_FDBK","Global","gcam_man_forest",2100,10303.6587069627
"C_FDBK","Global","gcam_unman_forest",2015,21769.2445706112
"C_FDBK","Global","gcam_unman_forest",2020,21499.7692549812
"C_FDBK","Global","gcam_unman_forest",2025,21023.0043131602
"C_FDBK","Global","gcam_unman_forest",2030,20646.7135227782
"C_FDBK","Global","gcam_unman_forest",2035,20252.0218650522
"C_FDBK","Global","gcam_unman_forest",2040,20486.8519827662
"C_FDBK","Global","gcam_unman_forest",2045,20485.8959917612
"C_FDBK","Global","gcam_unman_forest",2050,20506.6126263402
"C_FDBK","Global","gcam_unman_forest",2055,20641.3098158488
"C_FDBK","Global","gcam_unman_forest",2060,20824.4213474799
"C_FDBK","Global","gcam_unman_forest",2065,20988.0006193576
"C_FDBK","Global","gcam_unman_forest",2070,21034.0784503963
"C_FDBK","Global","gcam_unman_forest",2075,21089.0468862826
"C_FDBK","Global","gcam_unman_forest",2080,21143.1883971666
"C_FDBK","Global","gcam_unman_forest",2085,21548.6622657614
"C_FDBK","Global","gcam_unman_forest",2090,21593.6278719159
"C_FDBK","Global","gcam_unman_forest",2095,21656.1300326893
"C_FDBK","Global","gcam_unman_forest",2100,21627.5192806931
"C_FDBK","Global","gcam_crop",2015,15838.9827610302
"C_FDBK","Global","gcam_crop",2020,16193.3499172057
"C_FDBK","Global","gcam_crop",2025,17271.4787116587
"C_FDBK","Global","gcam_crop",2030,17946.6547191577
"C_FDBK","Global","gcam_crop",2035,18725.0573624563
"C_FDBK","Global","gcam_crop",2040,18809.2385764981
"C_FDBK","Global","gcam_crop",2045,19158.2426034098
"C_FDBK","Global","gcam_crop",2050,19377.6135801618
"C_FDBK","Global","gcam_crop",2055,19377.7520949415
"C_FDBK","Global","gcam_crop",2060,19213.6002043795
"C_FDBK","Global","gcam_crop",2065,19042.234462238
"C_FDBK","Global","gcam_crop",2070,18983.9964607479
"C_FDBK","Global","gcam_crop",2075,18931.5944503026
"C_FDBK","Global","gcam_crop",2080,18922.7997107264
"C_FDBK","Global","gcam_crop",2085,19047.2420263066
"C_FDBK","Global","gcam_crop",2090,19097.5268913523
"C_FDBK","Global","gcam_crop",2095,19179.5492835315
"C_FDBK","Global","gcam_crop",2100,19122.0822198049
"C_FDBK","Global","gcam_forest",2015,29922.1506628102
"C_FDBK","Global","gcam_forest",2020,30185.4380700102
"C_FDBK","Global","gcam_forest",2025,30084.0823869812
"C_FDBK","Global","gcam_forest",2030,30098.9661473142
"C_FDBK","Global","gcam_forest",2035,30045.3631830772
"C_FDBK","Global","gcam_forest",2040,30375.1661333035
"C_FDBK","Global","gcam_forest",2045,30517.5628397319
"C_FDBK","Global","gcam_forest",2050,30653.0180158509
"C_FDBK","Global","gcam_forest",2055,30866.1177428164
"C_FDBK","Global","gcam_forest",2060,31099.2830066541
"C_FDBK","Global","gcam_forest",2065,31297.4962915776
"C_FDBK","Global","gcam_forest",2070,31414.1103948916
"C_FDBK","Global","gcam_forest",2075,31507.880844547
"C_FDBK","Global","gcam_forest",2080,31567.4977368702
"C_FDBK","Global","gcam_forest",2085,31926.589448391
"C_FDBK","Global","gcam_forest",2090,31949.1989292693
"C_FDBK","Global","gcam_forest",2095,32010.9163167098
"C_FDBK","Global","gcam_forest",2100,31931.1779876558
"C_FDBK","Global","gcam_nb_crop",2015,15838.9827610302
"C_FDBK","Global","gcam_nb_crop",2020,16193.3499172057
"C_FDBK","Global","gcam_nb_crop",2025,16289.2873421665
"C_FDBK","Global","gcam_nb_crop",2030,16357.9548858238
"C_FDBK","Global","gcam_nb_crop",2035,16435.6614915212
"C_FDBK","Global","gcam_nb_crop",2040,16091.2488969105
"C_FDBK","Global","gcam_nb_crop",2045,15886.3611688874
"C_FDBK","Global","gcam_nb_crop",2050,15702.8089530587
"C_FDBK","Global","gcam_nb_crop",2055,15631.3112736357
"C_FDBK","Global","gcam_nb_crop",2060,15501.5188347305
"C_FDBK","Global","gcam_nb_crop",2065,15381.422794678
"C_FDBK","Global","gcam_nb_crop",2070,15342.627139222
"C_FDBK","Global","gcam_nb_crop",2075,15283.0970517677
"C_FDBK","Global","gcam_nb_crop",2080,15218.4943238463
"C_FDBK","Global","gcam_nb_crop",2085,15235.3809792356
"C_FDBK","Global","gcam_nb_crop",2090,15188.9685837753
"C_FDBK","Global","gcam_nb_crop",2095,15201.6833746065
"C_FDBK","Global","gcam_nb_crop",2100,15070.8767859991
"C_FDBK","Global","gcam_biomass",2015,0
"C_FDBK","Global","gcam_biomass",2020,0
"C_FDBK","Global","gcam_biomass",2025,982.191369492189
"C_FDBK","Global","gcam_biomass",2030,1588.69983333384
"C_FDBK","Global","gcam_biomass",2035,2289.39587093503
"C_FDBK","Global","gcam_biomass",2040,2717.98967958753
"C_FDBK","Global","gcam_biomass",2045,3271.88143452241
"C_FDBK","Global","gcam_biomass",2050,3674.80462710306
"C_FDBK","Global","gcam_biomass",2055,3746.4408213058
"C_FDBK","Global","gcam_biomass",2060,3712.08136964906
"C_FDBK","Global","gcam_biomass",2065,3660.81166755996
"C_FDBK","Global","gcam_biomass",2070,3641.36932152584
"C_FDBK","Global","gcam_biomass",2075,3648.49739853494
"C_FDBK","Global","gcam_biomass",2080,3704.30538688003
"C_FDBK","Global","gcam_biomass",2085,3811.86104707103
"C_FDBK","Global","gcam_biomass",2090,3908.55830757706
"C_FDBK","Global","gcam_biomass",2095,3977.86590892501
"C_FDBK","Global","gcam_biomass",2100,4051.20543380575
