"year","region","land_type","glb_lt_area_thous_sqkm","above_wsum","below_wsum","above_scalar","below_scalar"
2025,"Globe","biomassGrass",232.26132435262,241.334503977634,235.220902269448,1.03906453065444,1.01274244829645
2030,"Globe","biomassGrass",406.488848604759,398.121978568982,397.508549249692,0.979416729230098,0.977907636615637
2035,"Globe","biomassGrass",597.610358410348,610.800163972486,597.134276521344,1.02207091188517,0.999203357367716
2040,"Globe","biomassGrass",716.580987546113,713.837852648819,708.081329170268,0.996171912254205,0.98813859351062
2045,"Globe","biomassGrass",863.17015829335,872.357874199613,855.26647561462,1.01064415378357,0.990843424552168
2050,"Globe","biomassGrass",947.977444417104,929.763730669983,914.333762294063,0.9807867646489,0.964510039430603
2055,"Globe","biomassGrass",958.94934533524,965.819267465203,936.467574846224,1.00716400940611,0.976555831026553
2060,"Globe","biomassGrass",913.236371193107,925.759716435894,888.14594072152,1.01371314769957,0.972525809020498
2065,"Globe","biomassGrass",889.871361400974,930.851107933285,864.054151249388,1.04605131517863,0.97098770533424
2070,"Globe","biomassGrass",881.054023371422,843.321431128823,812.107021468757,0.957173350053823,0.921744864589762
2075,"Globe","biomassGrass",853.399185768794,869.3923108918,816.180826474162,1.01874049728393,0.956388100767751
2080,"Globe","biomassGrass",915.17757122273,897.392597962096,840.672648536566,0.980566642125121,0.918589654042088
2085,"Globe","biomassGrass",907.624074307205,924.822815557504,853.426139238825,1.01894919023983,0.940285921668892
2090,"Globe","biomassGrass",944.81989654356,948.788299348178,880.586756790966,1.00420016853914,0.932015466664516
2095,"Globe","biomassGrass",970.508406710614,960.325840732904,888.815549475598,0.989508008475453,0.91582467841582
2100,"Globe","biomassGrass",990.441279313231,951.356610843551,898.049651201823,0.960538126503793,0.906716702906939
2025,"Globe","biomassTree",733.516583473088,771.807533119211,753.056106040763,1.05220188678601,1.02663814698661
2030,"Globe","biomassTree",1164.69892194843,1240.06368277266,1201.12229500017,1.06470750457822,1.03127277991364
2035,"Globe","biomassTree",1613.92410160468,1720.83937240904,1657.45855135805,1.06624553824932,1.02697428566193
2040,"Globe","biomassTree",1966.32778382557,2096.04713288927,2028.05927856578,1.06597035862013,1.03139430528724
2045,"Globe","biomassTree",2369.3541321255,2547.83478146844,2423.30230033366,1.075328819328,1.02276914517619
2050,"Globe","biomassTree",2618.43436886586,2746.12143603401,2629.73022195982,1.04876466207685,1.00431397220731
2055,"Globe","biomassTree",2695.42502057735,2819.31926750175,2694.12471360855,1.04596464230263,0.999517587408709
2060,"Globe","biomassTree",2677.66570064007,2826.12867327439,2689.00424151812,1.05544492450974,1.00423448710395
2065,"Globe","biomassTree",2651.39738811152,2763.17969071197,2622.47553391291,1.042159769449,0.989091844802938
2070,"Globe","biomassTree",2635.62732384228,2859.96792494696,2650.12221196472,1.08511848358653,1.00549959699966
2075,"Globe","biomassTree",2605.02878272636,2820.22367893438,2612.08174798815,1.08260749272137,1.00270744235479
2080,"Globe","biomassTree",2711.29427749228,2863.72703831056,2664.92441679356,1.05622140026765,0.982897518324123
2085,"Globe","biomassTree",2732.22897148288,2955.82304016334,2713.01873841319,1.08183577255573,0.992969025191447
2090,"Globe","biomassTree",2808.11745767924,3029.75019689703,2774.0702798367,1.07892573674641,0.9878754438318
2095,"Globe","biomassTree",2883.34684218833,3077.15873560371,2831.8707227423,1.06721768279125,0.982147094240328
2100,"Globe","biomassTree",2845.68622659765,3166.01460079726,2861.7325252049,1.11256630165533,1.0056388151502
2025,"Globe","CornC4",1588.65521991517,1664.77156673505,1625.31361939655,1.04791243931703,1.02307511348078
2030,"Globe","CornC4",1628.43344861659,1657.26339942668,1619.18659821489,1.01770410134635,0.994321628305074
2035,"Globe","CornC4",1647.72096206296,1677.38136362987,1623.7926275347,1.01800086437559,0.985477920667885
2040,"Globe","CornC4",1625.16249119091,1667.12557464623,1610.58952318292,1.02582085402708,0.99103291634715
2045,"Globe","CornC4",1672.37266416622,1650.57263139228,1608.059529491,0.986964608283166,0.961543777859296
2050,"Globe","CornC4",1710.37211521024,1640.7373076054,1608.1780456447,0.959286749950157,0.940250388405696
2055,"Globe","CornC4",1705.9215235045,1646.45533665288,1605.99411412492,0.96514131158305,0.941423208510615
2060,"Globe","CornC4",1616.9039362447,1640.64280998673,1557.43679930478,1.0146816846752,0.963221601724816
2065,"Globe","CornC4",1635.03952087033,1606.0741575921,1526.03038571282,0.982284609693834,0.933329357629543
2070,"Globe","CornC4",1653.17855789213,1582.15291801715,1524.99975952999,0.957036921670737,0.922465242638055
2075,"Globe","CornC4",1570.84420384197,1576.10603781973,1472.53764127929,1.00334968545251,0.937418005985421
2080,"Globe","CornC4",1621.45386385747,1575.54441798277,1470.19705427609,0.971686245968489,0.906715317066412
2085,"Globe","CornC4",1560.67336396141,1589.71212309461,1460.2714497378,1.01860655778701,0.935667567255222
2090,"Globe","CornC4",1588.459396259,1577.03757480476,1450.90439839342,0.992809497377687,0.913403516520764
2095,"Globe","CornC4",1654.69535404166,1566.18546550996,1453.43448135044,0.94650985855764,0.878369832731062
2100,"Globe","CornC4",1647.93330285456,1573.04700219859,1481.68303871591,0.954557444451026,0.899115902415059
2025,"Globe","FiberCrop",291.777237354626,302.437626873457,299.135883177646,1.03653605612104,1.0252200819013
2030,"Globe","FiberCrop",280.69925518959,318.66413391364,300.056994672055,1.13525108464719,1.06896256090665
2035,"Globe","FiberCrop",306.71768243708,315.321023370213,313.766546258485,1.02804970637745,1.02298160238235
2040,"Globe","FiberCrop",297.610944048105,320.229363940198,314.032117713034,1.07599996016422,1.05517664586379
2045,"Globe","FiberCrop",290.74475940643,321.964188576175,313.119478749903,1.10737744416608,1.07695656970448
2050,"Globe","FiberCrop",309.291808528427,312.652031108295,309.594333488529,1.01086424692544,1.00097812147545
2055,"Globe","FiberCrop",275.646856812226,336.923013926587,312.213267575481,1.2222994951693,1.13265673037645
2060,"Globe","FiberCrop",278.06981480097,333.149760777869,303.65361402031,1.19807955788485,1.09200494932415
2065,"Globe","FiberCrop",285.835911908066,329.178313510806,299.435446296045,1.15163385633881,1.04757811674956
2070,"Globe","FiberCrop",292.671806022462,337.693147586164,314.610583939655,1.15382876190078,1.07496033941687
2075,"Globe","FiberCrop",284.945494251355,330.437124841547,304.972107027101,1.15965028929379,1.07028225811523
2080,"Globe","FiberCrop",283.83146444356,336.945748707512,304.125256353436,1.18713317907893,1.07149944404388
2085,"Globe","FiberCrop",296.039173092532,326.022520532978,305.076667160506,1.10128168893066,1.03052803442722
2090,"Globe","FiberCrop",269.015917036173,339.569536159197,301.115911013507,1.26226559342783,1.11932377210608
2095,"Globe","FiberCrop",300.535207647337,312.43925791667,298.242412671828,1.03960950320104,0.992370960482608
2100,"Globe","FiberCrop",277.191444913782,328.70316317842,297.987847220549,1.18583444478476,1.07502541181686
2025,"Globe","FodderGrass",361.635550222842,381.459171070365,372.677371973201,1.05481657109017,1.03053300966554
2030,"Globe","FodderGrass",377.132321162591,405.280575141724,389.460653282109,1.07463760701379,1.03268967263668
2035,"Globe","FodderGrass",393.944765355714,415.925584849888,400.952474025182,1.0557967040743,1.01778855638084
2040,"Globe","FodderGrass",409.842602221468,434.646564251899,418.968396595892,1.06052070208413,1.0222665831345
2045,"Globe","FodderGrass",446.268825527473,474.866091146517,451.718533930336,1.06408080507359,1.01221171655094
2050,"Globe","FodderGrass",490.004731332615,497.787838897624,481.740348158976,1.0158837396199,0.983134074744211
2055,"Globe","FodderGrass",477.811828945137,514.657829173045,485.801193454178,1.077114039452,1.0167207340318
2060,"Globe","FodderGrass",489.701889222195,521.181795068915,490.588860489985,1.06428381539781,1.00181124738808
2065,"Globe","FodderGrass",485.650237289184,542.320221174423,497.788893792358,1.11668888334444,1.0249946475285
2070,"Globe","FodderGrass",533.986913445042,547.701637736286,516.799477622385,1.02568363371073,0.967813001798544
2075,"Globe","FodderGrass",509.724927709974,543.160608362372,504.493086756547,1.06559553758262,0.989735952336231
2080,"Globe","FodderGrass",544.124915951229,557.271020138608,515.374739372929,1.02416008494005,0.947162543497867
2085,"Globe","FodderGrass",515.199993461074,550.725950927367,503.543368871275,1.06895566365914,0.977374563785433
2090,"Globe","FodderGrass",536.290092670467,560.563652193661,518.504212178056,1.0452619950563,0.96683533644292
2095,"Globe","FodderGrass",544.294530034552,552.21616940671,513.140318181506,1.01455395734301,0.94276221763414
2100,"Globe","FodderGrass",546.162401911958,564.333043615218,523.301490661047,1.03326966784907,0.958142649199429
2025,"Globe","FodderHerb",217.499972581859,240.459690250533,228.046537993615,1.10556193362292,1.04848996202878
2030,"Globe","FodderHerb",229.109849781404,261.529911060816,241.672532365045,1.14150444125534,1.0548325730894
2035,"Globe","FodderHerb",244.70526946535,285.22000025614,257.636375122058,1.16556542030873,1.05284359296782
2040,"Globe","FodderHerb",262.484286474045,308.916094770076,281.03917575442,1.17689366826392,1.07068952404589
2045,"Globe","FodderHerb",279.7554480837,323.312077048244,292.481795215033,1.15569537345172,1.04549097155572
2050,"Globe","FodderHerb",305.420735120708,339.386105563882,311.864969405932,1.11120846274484,1.02109953105403
2055,"Globe","FodderHerb",308.39468225144,374.619873979636,327.537409565376,1.21474167856825,1.06207217055166
2060,"Globe","FodderHerb",320.92715455091,376.145453545323,332.736068231373,1.17205866880191,1.03679624336242
2065,"Globe","FodderHerb",329.178860434348,408.912312405085,352.420774938659,1.24221923566273,1.07060573231721
2070,"Globe","FodderHerb",365.869701601714,438.511621691503,381.534702453964,1.19854587513471,1.04281579147896
2075,"Globe","FodderHerb",343.543627640205,463.201442348529,378.878833868369,1.34830456769131,1.10285507686718
2080,"Globe","FodderHerb",381.341620927081,469.137793462275,393.38546539431,1.23022971455818,1.03158282182246
2085,"Globe","FodderHerb",370.315207681679,451.954599518459,376.258130024149,1.22045919298825,1.01604828054369
2090,"Globe","FodderHerb",392.861673520993,496.420003603515,416.380583070967,1.26359998203538,1.05986562481188
2095,"Globe","FodderHerb",414.941552384822,515.846491990403,432.389428298185,1.24317868149296,1.04204899657092
2100,"Globe","FodderHerb",400.420276388659,504.601423441292,418.173524543188,1.26017949938058,1.04433653638783
2025,"Globe","FodderHerbC4",139.454377304429,149.485364949515,144.376660394608,1.07193024585516,1.03529672703951
2030,"Globe","FodderHerbC4",150.379741951952,153.931080553508,150.53509852329,1.0236158045988,1.00103309507864
2035,"Globe","FodderHerbC4",163.720267602311,166.726655687285,161.086192745139,1.01836295608969,0.983911125386318
2040,"Globe","FodderHerbC4",176.565316408366,180.279651929088,175.238932788064,1.02103660898006,0.992487858616388
2045,"Globe","FodderHerbC4",191.9832329923,190.511638824674,185.392507664701,0.992334777653811,0.96567030763638
2050,"Globe","FodderHerbC4",206.627064220249,199.125563103943,196.776486118669,0.963695457104737,0.952326777042719
2055,"Globe","FodderHerbC4",206.169618422597,203.227686647128,198.152519850341,0.985730527135968,0.961114064072124
2060,"Globe","FodderHerbC4",211.262401504141,209.168210082256,202.713467721762,0.990087249756819,0.959534049970498
2065,"Globe","FodderHerbC4",215.857908020883,222.879477809793,207.423509101148,1.03252866597887,0.960926152777692
2070,"Globe","FodderHerbC4",239.577471294496,231.474943301008,222.827712682722,0.966179925225407,0.930086253430796
2075,"Globe","FodderHerbC4",220.586594074906,225.721172992768,211.127320921328,1.02327693094585,0.957117642650731
2080,"Globe","FodderHerbC4",245.47968683081,236.965081243272,224.399827218799,0.965314418893623,0.914127886163798
2085,"Globe","FodderHerbC4",235.317595572385,243.650193002623,224.038979377005,1.03541000582625,0.9520706636155
2090,"Globe","FodderHerbC4",249.405887390875,241.296111928359,227.48313432949,0.967483624595409,0.912100097993968
2095,"Globe","FodderHerbC4",262.981410736799,249.609373132964,237.561018801674,0.949152156548364,0.903337685108981
2100,"Globe","FodderHerbC4",248.589886029009,243.127397751636,229.684739982964,0.978026104100088,0.923950461750326
2025,"Globe","Forest",8814.411180624,9159.0498306303,9023.34998218181,1.03909945235637,1.02370422678001
2030,"Globe","Forest",8985.552550275,9585.76626061475,9273.15850406415,1.06679764065499,1.03200759799467
2035,"Globe","Forest",9306.32476298799,9910.77924691852,9562.16783275486,1.06495093383529,1.02749131115479
2040,"Globe","Forest",9389.21456167765,10020.504871301,9635.45070285855,1.0672356889361,1.02622542488122
2045,"Globe","Forest",9471.98991734736,10248.6354685204,9715.73882259547,1.08199391658459,1.02573365336905
2050,"Globe","Forest",9800.78472394656,10279.050682651,9847.3500429176,1.04879874134322,1.00475118271471
2055,"Globe","Forest",10099.366930329,10398.7088510411,10071.1265878708,1.02963967175143,0.997203751219954
2060,"Globe","Forest",9990.40241022478,10584.0179544491,10088.4158373487,1.05941858193988,1.00981075867611
2065,"Globe","Forest",9962.45616875047,10587.3810180112,10005.962211378,1.06272798983256,1.00436699965256
2070,"Globe","Forest",9797.86644990356,10711.8677101156,9955.7228733142,1.09328574387958,1.01611130588662
2075,"Globe","Forest",10144.1142545154,10705.98043369,10109.0896827623,1.05538839223193,0.996547301136958
2080,"Globe","Forest",10203.1378826472,10748.1223177937,10115.6617287821,1.05341341471757,0.9914265439837
2085,"Globe","Forest",9812.25180288441,10804.8741555969,9907.53361201144,1.10116152465845,1.00971049368087
2090,"Globe","Forest",9951.31811052743,10765.5516140863,9943.02303671468,1.08182167372356,0.999166434665175
2095,"Globe","Forest",10090.1036902921,10585.2666370959,9913.52064569579,1.04907411876056,0.982499382561722
2100,"Globe","Forest",10026.3354383039,10750.3870892446,9968.81251632964,1.07221498376909,0.994262816925658
2025,"Globe","Fruits",119.526991575847,130.129147370314,124.470694020595,1.08870093402911,1.0413605527887
2030,"Globe","Fruits",121.741437687885,134.508463016268,126.217103028448,1.10487000622675,1.03676369710728
2035,"Globe","Fruits",128.161707250911,134.126367832437,128.395569281712,1.04654011490225,1.0018247418501
2040,"Globe","Fruits",126.140294063694,140.089073013033,131.893928683459,1.11058146845841,1.0456129792821
2045,"Globe","Fruits",130.995031227202,140.536647210137,134.598661925497,1.07283952599992,1.02750967471464
2050,"Globe","Fruits",131.361632153392,139.877765029016,133.624907401489,1.06482968227496,1.01722934780115
2055,"Globe","Fruits",127.48149486424,145.319676862568,133.772490526909,1.13992761865026,1.04934830478234
2060,"Globe","Fruits",128.113493549075,148.866206717436,133.918796359379,1.16198694293206,1.04531374993751
2065,"Globe","Fruits",126.171048458014,148.58870155994,132.204724037904,1.17767668079089,1.04782139526959
2070,"Globe","Fruits",131.705435373038,141.831312166493,131.740980881817,1.07688275555808,1.00026988642252
2075,"Globe","Fruits",129.043533091165,145.873372019385,132.623131137628,1.13041985541678,1.02773946094559
2080,"Globe","Fruits",126.41849483002,149.329058540356,132.62622379777,1.1812279424869,1.04910459483082
2085,"Globe","Fruits",130.95340887749,143.860472685567,130.894758082651,1.09856225904094,0.999552124718692
2090,"Globe","Fruits",127.086024680063,143.349092642848,131.797341687559,1.12796897222749,1.03707187331854
2095,"Globe","Fruits",126.604432293522,138.521107096364,127.901790512499,1.09412525759931,1.0102473364911
2100,"Globe","Fruits",121.453360426458,140.86432873778,125.530920564622,1.15982240625672,1.03357305325967
2025,"Globe","FruitsTree",429.403821198786,438.809567311761,432.933268490287,1.0219041975144,1.00821941286327
2030,"Globe","FruitsTree",442.131281652667,453.0038150234,445.071786450694,1.02459118778045,1.00665075039937
2035,"Globe","FruitsTree",458.727350938546,472.007443886126,461.004274631411,1.02894986078421,1.00496356645883
2040,"Globe","FruitsTree",458.801498328372,479.762591592074,464.812409735707,1.04568662774658,1.01310133342902
2045,"Globe","FruitsTree",473.341760905209,487.645029381409,473.857748246088,1.03021763482023,1.00109009469161
2050,"Globe","FruitsTree",475.220496318394,482.791035388026,469.641985932929,1.01593058196833,0.988261216785299
2055,"Globe","FruitsTree",480.170563242202,490.495189872405,476.098186106826,1.02150199829096,0.99151889464469
2060,"Globe","FruitsTree",492.400850863082,495.550836977163,481.014120411778,1.00639719876308,0.976875079660515
2065,"Globe","FruitsTree",495.580127845005,502.062688702803,486.975421457034,1.01308075222061,0.982637103659932
2070,"Globe","FruitsTree",515.517679746156,524.075326483464,505.314972127333,1.01660010330106,0.980208811414872
2075,"Globe","FruitsTree",516.962530684293,511.837592743151,501.141231750593,0.9900864421753,0.969395656368446
2080,"Globe","FruitsTree",524.505273944393,518.441309779726,506.573065379427,0.98843869744328,0.965811194937829
2085,"Globe","FruitsTree",527.921594687892,522.369446400548,510.685977034674,0.989483005917524,0.967351936676491
2090,"Globe","FruitsTree",529.282788569563,523.131621010229,514.890920361054,0.988378296645622,0.972808735671521
2095,"Globe","FruitsTree",537.777752181259,528.969315866753,518.207610581651,0.983620675495075,0.96360923909509
2100,"Globe","FruitsTree",524.531638054253,523.258215411176,512.486722249571,0.997572267236728,0.977036817360794
2025,"Globe","Grassland",10899.26413676,11263.4512555265,11038.5942429041,1.03341391805876,1.01278344156044
2030,"Globe","Grassland",10760.96791053,10901.9403239236,10712.4876487799,1.01310034697303,0.99549480472824
2035,"Globe","Grassland",10521.38700549,10873.0644437057,10541.1909205381,1.03342500737139,1.00188225326544
2040,"Globe","Grassland",10597.941186994,11057.6941780296,10687.112162859,1.04338134953983,1.00841399044321
2045,"Globe","Grassland",10619.62272318,11022.3664282276,10643.9992630934,1.0379244833405,1.00229542428661
2050,"Globe","Grassland",10427.296272978,10632.3324902146,10316.259006455,1.01966341147973,0.989351288808126
2055,"Globe","Grassland",10490.323157103,10708.875594825,10349.7616926029,1.0208337183182,0.986600845141275
2060,"Globe","Grassland",10604.948400956,11361.0503594461,10690.2146903921,1.07129708980215,1.00804023614376
2065,"Globe","Grassland",10664.26253154,11090.6140470449,10447.7495434786,1.03997946545707,0.979697331398113
2070,"Globe","Grassland",10660.103596032,10855.0000039276,10309.5715416383,1.01828278741757,0.967117387627996
2075,"Globe","Grassland",10666.427335093,11011.4976596432,10379.3828965947,1.03235106879835,0.973088980079219
2080,"Globe","Grassland",10665.143657198,11046.5383977038,10294.8133912501,1.03576086293488,0.965276579683204
2085,"Globe","Grassland",10498.504957443,11098.2827509568,10259.7359999311,1.05712982905138,0.977256861002615
2090,"Globe","Grassland",10500.136869428,11168.4240513066,10286.5370286127,1.06364556864248,0.979657423186816
2095,"Globe","Grassland",10368.033641416,10681.1654284426,9906.31184530943,1.03020165615357,0.955466792250541
2100,"Globe","Grassland",10451.385605284,10625.059902148,9996.03693643533,1.01661734658189,0.956431741584728
2025,"Globe","Legumes",710.685261411348,765.804584728276,742.876444789148,1.07755799410764,1.04529597717261
2030,"Globe","Legumes",736.415286331754,829.110708532862,782.331401205429,1.12587384309042,1.062350844321
2035,"Globe","Legumes",788.737281540757,854.885345451151,819.092882593504,1.08386577566256,1.03848632714996
2040,"Globe","Legumes",788.382219936226,867.277487820726,827.437673178462,1.10007235816516,1.04953872912735
2045,"Globe","Legumes",745.045289631345,896.003168764313,819.645407859539,1.20261570837883,1.1001282999388
2050,"Globe","Legumes",790.76860116799,889.83805687433,826.646168321174,1.12528248536931,1.04537050042224
2055,"Globe","Legumes",782.209928239003,922.292479115629,850.704401449287,1.17908562116054,1.08756533347063
2060,"Globe","Legumes",806.896393816168,962.277058464938,873.595088497112,1.1925658186597,1.08266079163583
2065,"Globe","Legumes",847.26555635293,984.797838623975,897.039615261596,1.16232488296002,1.05874670407106
2070,"Globe","Legumes",882.507005627128,1020.20135596319,941.262088482006,1.15602635385111,1.06657746905151
2075,"Globe","Legumes",943.500609766869,1021.31085691686,970.038791900964,1.08246973700337,1.02812736087224
2080,"Globe","Legumes",927.102149848118,1059.24402770107,980.210975725847,1.14253216635793,1.05728476186408
2085,"Globe","Legumes",979.617071326738,1069.12358765701,996.329263842136,1.09136888172952,1.01705992372383
2090,"Globe","Legumes",990.352454960288,1072.70761783118,1031.51316425177,1.08315742790196,1.04156167744658
2095,"Globe","Legumes",1078.64039128054,1065.28203043511,1071.09962712225,0.987615556627201,0.993009010028507
2100,"Globe","Legumes",1057.06386463298,1071.74670322309,1062.77288640148,1.01389020955248,1.00540082956149
2025,"Globe","MiscCrop",89.3836400862,94.2177291103374,92.6007654456441,1.05408248108351,1.0359923287566
2030,"Globe","MiscCrop",87.89796445643,96.1255373970743,92.0756539565013,1.09360368003428,1.04752885377843
2035,"Globe","MiscCrop",93.3166545365236,99.8518913550466,96.6694165787011,1.07003290946275,1.03592887099125
2040,"Globe","MiscCrop",92.3700481872667,99.9982353257317,96.7180557794747,1.08258290742687,1.04707161766759
2045,"Globe","MiscCrop",87.7089071451355,100.714797560249,94.2112497379144,1.14828471632411,1.0741354875397
2050,"Globe","MiscCrop",89.0651460984257,98.0867668170297,92.5298279432015,1.10129238106941,1.0389005351313
2055,"Globe","MiscCrop",86.0292326612455,98.125852112409,91.951846361521,1.14061057011628,1.06884420001277
2060,"Globe","MiscCrop",82.2295851416828,98.555974188138,89.6669991521067,1.19854641146887,1.0904469358274
2065,"Globe","MiscCrop",81.9316892645765,95.9768640366388,87.119366771625,1.17142542645138,1.0633171066484
2070,"Globe","MiscCrop",82.9772615439718,93.8597311980939,87.4971148879284,1.13115002172439,1.05447098710966
2075,"Globe","MiscCrop",83.3514758862734,94.2245370369614,87.6745416788886,1.13044833381863,1.0518654978409
2080,"Globe","MiscCrop",78.5559832152333,93.7446054153503,84.9763685981726,1.19334774486244,1.08173006205458
2085,"Globe","MiscCrop",78.9467184035268,90.2354154451822,82.90637055173,1.14299133985474,1.0501560068395
2090,"Globe","MiscCrop",75.9814588675966,89.4929622199639,82.1433591816733,1.17782632175979,1.08109742042219
2095,"Globe","MiscCrop",80.3163620401879,87.0381395261206,82.8397317102426,1.08369125935472,1.0314178780756
2100,"Globe","MiscCrop",75.089962441156,85.0889743412809,79.3750104490775,1.13316043283362,1.05706552338842
2025,"Globe","MiscCropTree",205.568669169101,204.050517870225,205.748350254263,0.992614870227974,1.00087406843605
2030,"Globe","MiscCropTree",203.766518324162,211.408945175319,207.992695178828,1.03750580278846,1.02074029084574
2035,"Globe","MiscCropTree",209.58770668542,215.083454027291,213.097995575779,1.02622170655323,1.01674854382384
2040,"Globe","MiscCropTree",219.994938683949,228.707262354554,225.792996694819,1.03960238232172,1.02635541547253
2045,"Globe","MiscCropTree",225.220038787587,239.532498421336,232.810305144548,1.06354878416147,1.03370155869709
2050,"Globe","MiscCropTree",236.383000214485,252.045300763699,243.969344988328,1.06625815111494,1.03209344482031
2055,"Globe","MiscCropTree",253.238827404779,266.062306869669,259.686706266441,1.05063788833769,1.02546165186334
2060,"Globe","MiscCropTree",264.631407323103,288.374013333112,275.235739376432,1.08971953197158,1.04007208426467
2065,"Globe","MiscCropTree",280.857161404287,309.930610823655,290.712260807008,1.10351685274465,1.03508936483387
2070,"Globe","MiscCropTree",297.859882785661,325.578350151431,306.288526289614,1.09305874663798,1.02829734378838
2075,"Globe","MiscCropTree",307.037173406721,330.163981095312,312.202131328301,1.07532250063401,1.01682193027076
2080,"Globe","MiscCropTree",310.50387550075,350.878311327425,322.541274677094,1.13002876618388,1.03876730735464
2085,"Globe","MiscCropTree",335.282788283298,377.078313162976,345.838032825962,1.12465753191113,1.03148161764196
2090,"Globe","MiscCropTree",345.86942010871,382.478124315036,353.549446069932,1.10584544940348,1.02220498695377
2095,"Globe","MiscCropTree",345.150075376602,377.878964420664,351.750982806453,1.09482509603497,1.01912474572879
2100,"Globe","MiscCropTree",357.887951725963,387.263962182802,360.323691418872,1.08208158535421,1.00680587228813
2025,"Globe","NutsSeeds",233.418696793344,244.052009898698,238.610293493726,1.04555467600253,1.02224156321539
2030,"Globe","NutsSeeds",250.002709104262,263.43053242534,255.505125398575,1.05371071125264,1.02200942667393
2035,"Globe","NutsSeeds",267.343370405472,276.136601929475,271.943308039447,1.0328911523434,1.01720610324841
2040,"Globe","NutsSeeds",260.843002966951,275.758048306115,268.055393244325,1.05718016266303,1.02765031147218
2045,"Globe","NutsSeeds",256.87903363401,290.260192128076,274.405662020274,1.1299489414213,1.06822911211678
2050,"Globe","NutsSeeds",267.005112073796,278.699714794933,270.220116428884,1.04379917159752,1.01204098427224
2055,"Globe","NutsSeeds",265.062341082287,291.545850264499,280.278404284166,1.09991426573113,1.05740560179069
2060,"Globe","NutsSeeds",268.377510124928,299.568576065138,279.683955131085,1.1162208633864,1.04212888405178
2065,"Globe","NutsSeeds",288.185685607699,303.563104083871,292.283908383352,1.0533594111163,1.01422077146896
2070,"Globe","NutsSeeds",302.527720961669,312.497629060436,305.671286490205,1.03295535386666,1.01039099993397
2075,"Globe","NutsSeeds",311.508938181664,305.643561854715,305.64119919343,0.981171081763541,0.981163497193742
2080,"Globe","NutsSeeds",316.475515843953,315.305004666101,314.833765321639,0.996301416320531,0.994812393249645
2085,"Globe","NutsSeeds",314.001532619,316.929544237406,310.85356554577,1.00932483225156,0.989974676088446
2090,"Globe","NutsSeeds",317.826831941812,305.866645833169,314.671214308306,0.962368859685097,0.990071267380962
2095,"Globe","NutsSeeds",353.009472592476,306.071012045534,333.923482394798,0.867033424904352,0.945933489949967
2100,"Globe","NutsSeeds",334.410839036687,300.766236937817,319.719743325261,0.899391412683311,0.956068721475219
2025,"Globe","NutsSeedsTree",106.572637113303,112.501364196005,108.456432820172,1.05563085650587,1.01767616677127
2030,"Globe","NutsSeedsTree",107.275161867753,113.019414537757,108.778054187328,1.05354690284304,1.01400969519326
2035,"Globe","NutsSeedsTree",113.482856428103,118.076527901539,113.212598349697,1.04047899055437,0.997618511844766
2040,"Globe","NutsSeedsTree",119.38680381385,125.302019366466,119.875409850299,1.04954664471828,1.00409263018055
2045,"Globe","NutsSeedsTree",121.63365372793,125.611229105293,121.241653459932,1.03270127350002,0.996777205518514
2050,"Globe","NutsSeedsTree",127.748321423164,133.23291497788,127.232650924251,1.04293280329334,0.995963387282363
2055,"Globe","NutsSeedsTree",128.042140836879,135.750002542176,128.271437199035,1.06019785091782,1.00179078825657
2060,"Globe","NutsSeedsTree",131.271828171608,137.805396159527,130.924840224501,1.04977128816533,0.997356721911017
2065,"Globe","NutsSeedsTree",135.982948443611,143.540968178144,135.755936955542,1.05558064316914,0.99833058857256
2070,"Globe","NutsSeedsTree",139.231811759168,145.951138359018,138.321888967088,1.04825999543461,0.993464691864721
2075,"Globe","NutsSeedsTree",141.329318094592,146.210128728226,139.890924190157,1.03453501863193,0.989822395495662
2080,"Globe","NutsSeedsTree",143.288901227576,148.502951732926,141.413924219703,1.03638837663406,0.986914708733125
2085,"Globe","NutsSeedsTree",142.319828009196,147.128108780597,140.680528968673,1.03378503781701,0.98848158360326
2090,"Globe","NutsSeedsTree",141.862696834018,147.983367586865,140.504107691643,1.04314503311613,0.990423210803863
2095,"Globe","NutsSeedsTree",150.8833255725,157.234466979484,148.84572220259,1.04209306351703,0.986495503315703
2100,"Globe","NutsSeedsTree",144.250924758975,151.141597175545,143.574251456945,1.04776865332464,0.995309053975488
2025,"Globe","OilCrop",704.508367148702,751.990675039506,733.949950174915,1.06739779128951,1.04179025317381
2030,"Globe","OilCrop",714.196458393797,778.454819682681,742.166412850897,1.08997294866653,1.03916282995859
2035,"Globe","OilCrop",740.470759265151,791.376657209377,760.716642718671,1.06874801915844,1.02734190810399
2040,"Globe","OilCrop",733.202569579511,786.554575645928,757.656951588373,1.07276571070532,1.03335283184139
2045,"Globe","OilCrop",709.66589380108,826.603880998823,762.170300106139,1.16477893078869,1.07398468316384
2050,"Globe","OilCrop",775.591058136861,753.437247002733,751.196520422128,0.971436221573587,0.968547164825064
2055,"Globe","OilCrop",705.485099333884,791.071878785774,746.057871420353,1.1213162114022,1.05751045929216
2060,"Globe","OilCrop",681.836421338208,759.264921604978,710.396817385022,1.11355876254719,1.04188746032481
2065,"Globe","OilCrop",655.643296563326,739.367697872918,681.178862307524,1.12769809704217,1.03894734511593
2070,"Globe","OilCrop",653.911174134471,754.363718899093,695.203580644634,1.1536180275518,1.06314681281417
2075,"Globe","OilCrop",651.107302442867,711.288492287723,669.048541359177,1.09242898922968,1.02755496497889
2080,"Globe","OilCrop",631.189683938469,759.486709920351,677.883483435324,1.20326223518316,1.07397744399987
2085,"Globe","OilCrop",694.447399214837,714.329649695477,674.604746437647,1.02863031887385,0.971426701576498
2090,"Globe","OilCrop",672.996857361999,736.401527124672,688.160668551252,1.09421243066603,1.02253177117155
2095,"Globe","OilCrop",701.740890925158,717.73042064008,697.808182436638,1.02278551801911,0.994395782632339
2100,"Globe","OilCrop",670.939825148366,761.427216326091,697.833748332555,1.13486662705961,1.04008395712424
2025,"Globe","OilCropTree",205.206871726131,205.984074805805,206.396982139807,1.00378741254197,1.00579956413577
2030,"Globe","OilCropTree",204.989113729718,210.617602141294,208.768916421412,1.02745749912846,1.01843904109307
2035,"Globe","OilCropTree",208.752369706656,210.349263529498,210.94030595622,1.00764970392952,1.01048101275515
2040,"Globe","OilCropTree",203.53700923394,205.62761842758,206.274296047913,1.01027139585822,1.01344859504556
2045,"Globe","OilCropTree",199.197521669663,205.491848993609,204.117772688385,1.03159842186383,1.02470036262239
2050,"Globe","OilCropTree",204.329865798981,210.226800850183,207.398864086005,1.02885987825687,1.01501982235941
2055,"Globe","OilCropTree",195.955343511928,200.110201156856,199.309187013952,1.02120308418472,1.01711534598606
2060,"Globe","OilCropTree",192.444584885369,198.902850238146,196.163694004975,1.03355909108393,1.01932561065213
2065,"Globe","OilCropTree",188.607855152196,195.70195245967,191.890010203828,1.0376129472537,1.01740200613057
2070,"Globe","OilCropTree",186.554935022049,196.909520514302,191.198106045918,1.0555042164445,1.02488902812097
2075,"Globe","OilCropTree",182.040557946178,188.905029524853,184.693070318756,1.03770847362875,1.01457099671911
2080,"Globe","OilCropTree",178.772770363657,188.521251444305,183.243438454159,1.05453001069916,1.02500754494886
2085,"Globe","OilCropTree",185.09679131641,194.411693423996,188.338706704956,1.05032449261459,1.01751470333704
2090,"Globe","OilCropTree",179.296894756949,187.281558026406,182.664467751211,1.04453319328414,1.01878210439075
2095,"Globe","OilCropTree",181.128311811493,191.270548876614,185.426043903357,1.05599476395317,1.02372755561448
2100,"Globe","OilCropTree",179.548981074504,188.616018875487,182.587169848104,1.05049896550079,1.01692122536936
2025,"Globe","OilPalmTree",207.1632572759,210.81415890634,208.962528101216,1.01762330675067,1.00868527966289
2030,"Globe","OilPalmTree",222.0653915543,228.366409672554,225.851936659678,1.0283746065704,1.01705148685653
2035,"Globe","OilPalmTree",234.856333124,238.821781058279,237.64428289272,1.01688456888316,1.01187087327659
2040,"Globe","OilPalmTree",243.951090367697,250.73840435247,247.596229178054,1.02782243758182,1.01494208861646
2045,"Globe","OilPalmTree",259.501521423664,266.576629241535,261.750547993225,1.02726422480707,1.00866671824204
2050,"Globe","OilPalmTree",267.782052433409,283.011921549182,273.922585993916,1.05687412198605,1.02293108707139
2055,"Globe","OilPalmTree",287.24369543828,300.747207310558,293.997781149552,1.0470106466625,1.02351343412765
2060,"Globe","OilPalmTree",293.033560602866,307.625720355221,296.845799824185,1.04979688921069,1.01300956523026
2065,"Globe","OilPalmTree",294.41346707825,308.879496169794,297.9258632131,1.04913507943473,1.01193014765835
2070,"Globe","OilPalmTree",292.141768583846,312.507402129281,295.741611372804,1.06971147482319,1.01232224616976
2075,"Globe","OilPalmTree",295.381848373231,314.793608728985,299.321712187235,1.06571751264562,1.01333820556579
2080,"Globe","OilPalmTree",298.134415506921,324.192424917505,304.837981880019,1.08740356045872,1.02248504709428
2085,"Globe","OilPalmTree",312.669736184559,337.405566725996,316.448270267237,1.07911168776129,1.01208474516525
2090,"Globe","OilPalmTree",323.594829589538,350.248487471003,327.413457132919,1.08236737872257,1.01180064449183
2095,"Globe","OilPalmTree",329.436039709867,359.435298046939,337.479633595472,1.09106246652155,1.02441625358503
2100,"Globe","OilPalmTree",343.339969677291,370.747894800396,345.666644778407,1.07982736512986,1.00677659260966
2025,"Globe","OtherArableLand",3740.155632515,3967.72662238448,3857.51726834981,1.06084532629902,1.0313788107678
2030,"Globe","OtherArableLand",3707.953995699,4133.51963555142,3885.06715661663,1.11477101397322,1.04776573849705
2035,"Globe","OtherArableLand",3495.804659991,3791.39248229395,3585.53785315315,1.08455501695673,1.02566882360137
2040,"Globe","OtherArableLand",3142.6224185233,3379.43156899318,3217.6886176874,1.07535399387279,1.02388648369643
2045,"Globe","OtherArableLand",2994.13846648499,3378.2816409845,3148.49411829986,1.12829839995692,1.05155260972151
2050,"Globe","OtherArableLand",2633.13718520543,2771.73572985217,2646.72726916319,1.05263627942573,1.00516117581496
2055,"Globe","OtherArableLand",2570.46318961699,2924.35472913113,2704.18093839832,1.13767617484025,1.0520208767515
2060,"Globe","OtherArableLand",2465.79239210841,2730.24382496647,2546.77625038994,1.10724805287923,1.03284293460419
2065,"Globe","OtherArableLand",2411.75677531913,2833.1013917796,2556.20820940323,1.17470443983918,1.05989469400992
2070,"Globe","OtherArableLand",2353.00274783187,2780.61164639377,2509.92533656184,1.1817290264348,1.06669035506846
2075,"Globe","OtherArableLand",2295.86284266292,2611.18713015175,2388.61974749323,1.13734456676998,1.04040176229462
2080,"Globe","OtherArableLand",2247.99299058512,2540.5456977452,2320.95868740169,1.1301395103923,1.032458151392
2085,"Globe","OtherArableLand",2246.90056901422,2491.01680300939,2277.46133703643,1.10864576624424,1.01360129969419
2090,"Globe","OtherArableLand",2266.81281824749,2646.90382052585,2391.44127144239,1.16767639534181,1.05497959610589
2095,"Globe","OtherArableLand",2155.53192889371,2381.44390164451,2204.32688640062,1.10480567219746,1.02263708407787
2100,"Globe","OtherArableLand",2236.15655222964,2541.50384188358,2315.43619350484,1.13655005028582,1.0354535290457
2025,"Globe","OtherGrain",733.139672720322,748.653574130804,742.968364963288,1.02116090833404,1.01340630252145
2030,"Globe","OtherGrain",722.093083944046,758.086533744561,734.068608242693,1.04984599714474,1.01658446059785
2035,"Globe","OtherGrain",732.762154280642,741.269850123445,728.396929650999,1.01161044657274,0.994042780997706
2040,"Globe","OtherGrain",731.076064348064,738.810420949921,734.454660694707,1.01057941434419,1.00462140194626
2045,"Globe","OtherGrain",684.854934357355,746.609919527641,710.405254860135,1.09017235924311,1.03730763877281
2050,"Globe","OtherGrain",737.634502358465,718.279721693757,720.350033607833,0.973761014970388,0.976567705692497
2055,"Globe","OtherGrain",674.72678671523,737.023400035985,696.629926749833,1.09232864997703,1.03246223577581
2060,"Globe","OtherGrain",669.955604555413,718.023630281484,682.473822423033,1.07174807614001,1.01868514537755
2065,"Globe","OtherGrain",642.360068195893,716.291201589749,662.057863941148,1.11509297830654,1.03066472640583
2070,"Globe","OtherGrain",642.507232453965,725.554568745027,663.370791191594,1.12925509954787,1.03247209943138
2075,"Globe","OtherGrain",650.145984873572,680.034173919912,650.234706301863,1.04597150446473,1.00013646385636
2080,"Globe","OtherGrain",625.250668029457,707.419082825326,650.395666611638,1.13141675650636,1.04021586839951
2085,"Globe","OtherGrain",649.192761074102,654.882773554194,626.389470669761,1.00876475035039,0.964874392057897
2090,"Globe","OtherGrain",617.495271961485,668.804627877193,628.246048548994,1.08309271057691,1.01741029782035
2095,"Globe","OtherGrain",641.916282506354,648.764010855697,632.678893220712,1.01066763460588,0.985609666653765
2100,"Globe","OtherGrain",598.159918379814,671.778681332557,618.416688472977,1.12307538618125,1.03386514119507
2025,"Globe","OtherGrainC4",630.174395100832,654.41549936351,639.751669827008,1.03846729484907,1.01519781635153
2030,"Globe","OtherGrainC4",667.97299411562,662.410314782737,658.717185060186,0.991672299057168,0.986143438227335
2035,"Globe","OtherGrainC4",640.553746907098,661.138529640238,648.925719145623,1.03213591807484,1.01306989816069
2040,"Globe","OtherGrainC4",623.078058966337,633.269873228211,625.227520025234,1.01635720294626,1.00344974602775
2045,"Globe","OtherGrainC4",582.822239722226,603.009623232217,585.822284621068,1.03463729098535,1.00514744409937
2050,"Globe","OtherGrainC4",563.007834054578,588.490152636768,561.282101112069,1.04526103730862,0.996934797638461
2055,"Globe","OtherGrainC4",552.926824245525,584.365375023618,553.231202433583,1.05685842936087,1.00055048547965
2060,"Globe","OtherGrainC4",546.649415031968,578.750581049367,541.185516036495,1.05872349834221,0.990004747384293
2065,"Globe","OtherGrainC4",550.576324169835,569.867048785242,532.119106073725,1.03503733046366,0.966476549597478
2070,"Globe","OtherGrainC4",572.987846793545,573.020998320551,543.914600789083,1.00005785729522,0.949260274598919
2075,"Globe","OtherGrainC4",551.848743987751,567.037487850201,530.051727120504,1.02752338213673,0.960501827530243
2080,"Globe","OtherGrainC4",533.701899831948,572.122945038486,511.87414738642,1.0719897103957,0.959101227759538
2085,"Globe","OtherGrainC4",573.485420422453,573.600879363079,533.934709109021,1.00020132846715,0.931034495551261
2090,"Globe","OtherGrainC4",523.88469365438,563.116731196878,508.037157072418,1.07488677951026,0.96974995304517
2095,"Globe","OtherGrainC4",544.590943277118,557.896527013337,508.915363171832,1.02443225305245,0.934491051410799
2100,"Globe","OtherGrainC4",535.086545026328,552.485606365685,503.568028311974,1.0325163499271,0.941096413267497
2025,"Globe","Pasture",2058.61239163556,2044.704290189,2049.79435404246,0.993243943588864,0.995716513886282
2030,"Globe","Pasture",2229.3053698607,2241.31015899,2213.40555719719,1.00538499089968,0.992867817537036
2035,"Globe","Pasture",2406.82853951836,2414.94781766807,2371.22860430703,1.00337343438322,0.985208778013553
2040,"Globe","Pasture",2352.83934000547,2425.92816295623,2360.12685672626,1.03106409422353,1.00309732866026
2045,"Globe","Pasture",2434.47560199807,2463.90597157866,2398.93510612261,1.01208899754692,0.985401169826353
2050,"Globe","Pasture",2534.61912232715,2495.75682072225,2448.57994456615,0.984667399822496,0.9660543957066
2055,"Globe","Pasture",2459.18407161186,2512.32718872963,2408.93869458565,1.02161006072349,0.979568273230851
2060,"Globe","Pasture",2375.32952810568,2496.22378111607,2341.05316549884,1.05089578165047,0.985569849487715
2065,"Globe","Pasture",2324.9853316126,2441.5079215857,2267.2151250698,1.05011755919005,0.97515244257359
2070,"Globe","Pasture",2467.88897520681,2420.22346434497,2313.00809282231,0.980685715062265,0.9372415518119
2075,"Globe","Pasture",2331.33882915784,2414.02065323272,2260.87157972,1.03546538282672,0.96977391335978
2080,"Globe","Pasture",2364.70690703494,2431.66190627311,2244.84555139684,1.02831429089118,0.949312384007713
2085,"Globe","Pasture",2332.26983548406,2386.30991457506,2211.9089158871,1.02317059470084,0.94839322716191
2090,"Globe","Pasture",2316.85566605028,2383.78785984738,2205.62666511572,1.0288892375895,0.951991398271183
2095,"Globe","Pasture",2324.72097858598,2396.99512429882,2184.15181241336,1.03108938508259,0.939532886971184
2100,"Globe","Pasture",2397.11872385372,2357.87172443519,2199.88879849096,0.983627427783205,0.917722087187368
2025,"Globe","ProtectedGrassland",8489.52900800099,8664.38024696407,8524.38946048385,1.02059610595573,1.00410628816393
2030,"Globe","ProtectedGrassland",8489.52900800099,8645.07514906145,8470.17259532559,1.01832211668208,0.997719966248168
2035,"Globe","ProtectedGrassland",8489.52900800099,9037.36123579476,8616.59645283947,1.06453034406001,1.01496754940336
2040,"Globe","ProtectedGrassland",8489.52900800099,9009.98464599485,8578.11784896545,1.06130559628259,1.01043507135449
2045,"Globe","ProtectedGrassland",8489.52900800099,9196.646772133,8624.29890669551,1.08329293220691,1.01587483811735
2050,"Globe","ProtectedGrassland",8489.52900800099,9194.99780874411,8561.21625259948,1.08309869723965,1.00844419572993
2055,"Globe","ProtectedGrassland",8489.52900800099,8982.78354472683,8389.37219412294,1.05810151967924,0.988202312073655
2060,"Globe","ProtectedGrassland",8489.52900800099,9455.23296716291,8550.1984388575,1.11375235990734,1.00714638359788
2065,"Globe","ProtectedGrassland",8489.52900800099,9334.89675162545,8380.14105931556,1.09957769657513,0.987114956721116
2070,"Globe","ProtectedGrassland",8489.52900800099,9323.92416956053,8345.11159531495,1.09828521238023,0.982988760324638
2075,"Globe","ProtectedGrassland",8489.52900800099,9725.0478021606,8473.76855297033,1.14553443341735,0.998143541883677
2080,"Globe","ProtectedGrassland",8489.52900800099,9473.50325849935,8290.92626291137,1.11590445707542,0.976606152720316
2085,"Globe","ProtectedGrassland",8489.52900800099,9706.24014268597,8384.71057835737,1.14331903849298,0.987653210261154
2090,"Globe","ProtectedGrassland",8489.52900800099,9653.32795877372,8298.09672521613,1.13708639780557,0.977450776997824
2095,"Globe","ProtectedGrassland",8489.52900800099,9727.11289006035,8276.39249422,1.14577768459157,0.974894188643432
2100,"Globe","ProtectedGrassland",8489.52900800099,9240.58015233799,8040.28539040792,1.08846794016831,0.947082621760326
2025,"Globe","ProtectedShrubland",7447.83464267,8043.38229014502,7641.02294675847,1.0799625228067,1.02593885516492
2030,"Globe","ProtectedShrubland",7447.83464267,8444.7135983535,7762.62821362845,1.1338481590303,1.04226645542786
2035,"Globe","ProtectedShrubland",7447.83464267,8292.64135950243,7535.14553346264,1.11342984335237,1.0117229899671
2040,"Globe","ProtectedShrubland",7447.83464267,8244.05837785682,7491.7099202209,1.10690674180991,1.00589101123426
2045,"Globe","ProtectedShrubland",7447.83464267,8343.94903094918,7570.51965228788,1.12031878140059,1.0164725743124
2050,"Globe","ProtectedShrubland",7447.83464267,8192.51204485208,7395.88221191047,1.09998575933946,0.993024491915826
2055,"Globe","ProtectedShrubland",7447.83464267,8427.66441161125,7441.04161820642,1.13155901224332,0.999087919537759
2060,"Globe","ProtectedShrubland",7447.83464267,8970.75323441028,7596.51477972834,1.20447803486603,1.01996286762417
2065,"Globe","ProtectedShrubland",7447.83464267,8978.31572695521,7446.31641957702,1.20549342966301,0.999796152416665
2070,"Globe","ProtectedShrubland",7447.83464267,9188.00635961888,7491.71799369603,1.23364800649294,1.00589209523727
2075,"Globe","ProtectedShrubland",7447.83464267,9330.08363855694,7547.93292289653,1.25272432675978,1.01343991710732
2080,"Globe","ProtectedShrubland",7447.83464267,8897.97666309018,7242.44840896984,1.19470652746666,0.972423362822334
2085,"Globe","ProtectedShrubland",7447.83464267,9347.05159222225,7480.8400193642,1.25500256660792,1.00443153994117
2090,"Globe","ProtectedShrubland",7447.83464267,9440.64961134583,7454.93920545749,1.26756971177349,1.00095390984472
2095,"Globe","ProtectedShrubland",7447.83464267,10043.8779057793,7622.66339249087,1.34856349364097,1.02347376898236
2100,"Globe","ProtectedShrubland",7447.83464267,8646.95655110087,6888.17175530854,1.16100275663491,0.924855623921206
2025,"Globe","ProtectedUnmanagedForest",8379.9706838522,8236.49365055419,8332.28803513127,0.982878575747946,0.994309926547498
2030,"Globe","ProtectedUnmanagedForest",8379.9706838522,8392.68587386864,8396.73572063108,1.00151733108577,1.00200060804642
2035,"Globe","ProtectedUnmanagedForest",8379.9706838522,8533.84611189628,8434.34829492109,1.01836228715461,1.00648899776865
2040,"Globe","ProtectedUnmanagedForest",8379.9706838522,8614.56614381722,8454.46865777374,1.02799478289549,1.00889000412198
2045,"Globe","ProtectedUnmanagedForest",8379.9706838522,8783.00972794287,8495.91731154878,1.04809551957829,1.01383616149398
2050,"Globe","ProtectedUnmanagedForest",8379.9706838522,8922.10632620504,8503.71864873438,1.06469421705705,1.01476711190895
2055,"Globe","ProtectedUnmanagedForest",8379.9706838522,8646.9729993436,8334.74005114185,1.03186196295482,0.994602530913681
2060,"Globe","ProtectedUnmanagedForest",8379.9706838522,8924.05646866335,8459.45077193288,1.06492693176834,1.00948453056451
2065,"Globe","ProtectedUnmanagedForest",8379.9706838522,8936.57415974705,8355.15072868849,1.06642069487992,0.99703818114644
2070,"Globe","ProtectedUnmanagedForest",8379.9706838522,8990.17182556613,8368.98937910246,1.07281662009746,0.998689577187794
2075,"Globe","ProtectedUnmanagedForest",8379.9706838522,9200.75761670659,8386.82158302443,1.09794627735823,1.00081753259417
2080,"Globe","ProtectedUnmanagedForest",8379.9706838522,9235.00356851514,8340.1382459164,1.10203292074882,0.995246709154656
2085,"Globe","ProtectedUnmanagedForest",8379.9706838522,9451.38870011545,8439.84312709309,1.12785462583155,1.00714470795897
2090,"Globe","ProtectedUnmanagedForest",8379.9706838522,9500.85821706941,8373.06767553324,1.13375793012941,0.99917624910881
2095,"Globe","ProtectedUnmanagedForest",8379.9706838522,9524.18582333943,8364.84221279817,1.13654166376645,0.998194686876031
2100,"Globe","ProtectedUnmanagedForest",8379.9706838522,9351.37817019261,8263.12748621976,1.11592015330224,0.986056848879245
2025,"Globe","ProtectedUnmanagedPasture",10471.4353098074,11074.8970828325,10720.7044205501,1.0576293273244,1.02380467465709
2030,"Globe","ProtectedUnmanagedPasture",10471.4353098074,10861.5595662807,10474.7706531629,1.03725604417456,1.00031851826009
2035,"Globe","ProtectedUnmanagedPasture",10471.4353098074,11119.839846958,10481.2599359534,1.06192126656632,1.00093823108822
2040,"Globe","ProtectedUnmanagedPasture",10471.4353098074,10829.0369476425,10366.1962348948,1.03415020264703,0.98994989017274
2045,"Globe","ProtectedUnmanagedPasture",10471.4353098074,10717.9809136539,10435.1992488,1.02354458548921,0.996539532553531
2050,"Globe","ProtectedUnmanagedPasture",10471.4353098074,11469.6690482265,10585.8761856992,1.09532921790427,1.01092886242487
2055,"Globe","ProtectedUnmanagedPasture",10471.4353098074,11300.6771707415,10325.8782828492,1.07919084981191,0.986099610736089
2060,"Globe","ProtectedUnmanagedPasture",10471.4353098074,11822.1825239261,10464.2058724882,1.12899351179237,0.9993096039745
2065,"Globe","ProtectedUnmanagedPasture",10471.4353098074,12077.8095606447,10428.8181594125,1.15340535497869,0.995930151967325
2070,"Globe","ProtectedUnmanagedPasture",10471.4353098074,11188.8843642326,9953.81467158569,1.06851487243141,0.950568320110146
2075,"Globe","ProtectedUnmanagedPasture",10471.4353098074,12085.873784556,10348.7985348075,1.15417547136414,0.98828844648593
2080,"Globe","ProtectedUnmanagedPasture",10471.4353098074,11988.7084613607,10121.2371114507,1.14489638780772,0.966556810217917
2085,"Globe","ProtectedUnmanagedPasture",10471.4353098074,11841.349140189,10136.5137930489,1.13082388324536,0.968015701109776
2090,"Globe","ProtectedUnmanagedPasture",10471.4353098074,11676.1958661052,10147.801114555,1.11505209368666,0.969093616521767
2095,"Globe","ProtectedUnmanagedPasture",10471.4353098074,11787.3246646061,10023.2272271821,1.12566465970203,0.957197072859196
2100,"Globe","ProtectedUnmanagedPasture",10471.4353098074,11660.3779020733,9901.96754991653,1.11354151146332,0.945617029276062
2025,"Globe","Rice",1098.89710490757,1173.44732405897,1153.21512135898,1.06784094599801,1.04942957462425
2030,"Globe","Rice",1058.8594593107,1168.01285863752,1121.64259961511,1.1030858234934,1.05929317602289
2035,"Globe","Rice",1089.17443634168,1170.28603549379,1144.28900312005,1.07447071510836,1.05060214869116
2040,"Globe","Rice",1085.58779812798,1160.57969224061,1133.05439442282,1.06907952930381,1.043724327389
2045,"Globe","Rice",992.437258825751,1158.20167932442,1084.66006638551,1.16702760705981,1.09292557966725
2050,"Globe","Rice",1014.99674727038,1126.12993849264,1060.3183392028,1.10949117967238,1.04465195780608
2055,"Globe","Rice",986.031985085113,1087.15569584161,1037.63465544961,1.10255621753261,1.05233366781711
2060,"Globe","Rice",931.9557758305,1082.03112305664,1005.83476515027,1.161032691806,1.07927306341755
2065,"Globe","Rice",910.948005192055,1064.39817212721,975.871942556823,1.16845107081913,1.07127073882892
2070,"Globe","Rice",903.716077471119,1051.69069726822,966.93584311369,1.16374016517575,1.06995534019875
2075,"Globe","Rice",899.081414958441,1004.33703773224,935.21599450242,1.11707017965516,1.04019055331674
2080,"Globe","Rice",842.932224815552,1007.81885909258,911.562859394837,1.1956107850938,1.08141892379818
2085,"Globe","Rice",847.374798103452,967.013367368046,890.533943533687,1.14118731113123,1.05093276968684
2090,"Globe","Rice",798.527511619087,945.526532952318,858.583075093584,1.18408761025049,1.07520788276002
2095,"Globe","Rice",800.350210824248,917.162882175414,850.819919934665,1.14595194674949,1.06305953122501
2100,"Globe","Rice",777.556841909087,895.992508706148,816.57064385451,1.15231769616518,1.05017485519082
2025,"Globe","RockIceDesert",14727.16531662,14727.16531662,14727.16531662,1,1
2030,"Globe","RockIceDesert",14727.16531662,14727.16531662,14727.16531662,1,1
2035,"Globe","RockIceDesert",14727.16531662,14727.16531662,14727.16531662,1,1
2040,"Globe","RockIceDesert",14727.16531662,14727.16531662,14727.16531662,1,1
2045,"Globe","RockIceDesert",14727.16531662,14727.16531662,14727.16531662,1,1
2050,"Globe","RockIceDesert",14727.16531662,14727.16531662,14727.16531662,1,1
2055,"Globe","RockIceDesert",14727.16531662,14727.16531662,14727.16531662,1,1
2060,"Globe","RockIceDesert",14727.16531662,14727.16531662,14727.16531662,1,1
2065,"Globe","RockIceDesert",14727.16531662,14727.16531662,14727.16531662,1,1
2070,"Globe","RockIceDesert",14727.16531662,14727.16531662,14727.16531662,1,1
2075,"Globe","RockIceDesert",14727.16531662,14727.16531662,14727.16531662,1,1
2080,"Globe","RockIceDesert",14727.16531662,14727.16531662,14727.16531662,1,1
2085,"Globe","RockIceDesert",14727.16531662,14727.16531662,14727.16531662,1,1
2090,"Globe","RockIceDesert",14727.16531662,14727.16531662,14727.16531662,1,1
2095,"Globe","RockIceDesert",14727.16531662,14727.16531662,14727.16531662,1,1
2100,"Globe","RockIceDesert",14727.16531662,14727.16531662,14727.16531662,1,1
2025,"Globe","RootTuber",484.701089600037,501.080098986479,492.790394099467,1.03379197971261,1.01668926411142
2030,"Globe","RootTuber",491.935494913622,501.357744356393,491.981417227295,1.01915342466684,1.00009335027488
2035,"Globe","RootTuber",494.207267861427,510.164350053102,500.089467539742,1.03228823861843,1.01190229294638
2040,"Globe","RootTuber",478.148210709315,507.071501815003,488.906496590525,1.06049022135371,1.02249989781463
2045,"Globe","RootTuber",456.646329697193,505.511201617467,476.062018016228,1.10700813461629,1.04251799928384
2050,"Globe","RootTuber",479.774060635353,496.544054165905,483.760817352114,1.03495393958636,1.00830965457257
2055,"Globe","RootTuber",469.022383213467,511.454189344587,485.777754628062,1.09046861653041,1.03572403368001
2060,"Globe","RootTuber",465.948415591419,503.775956042587,476.128950714317,1.08118396626192,1.02184906050164
2065,"Globe","RootTuber",479.673769406119,509.612577506169,485.363512877548,1.0624149370042,1.01186169399772
2070,"Globe","RootTuber",488.514892865428,515.63440806806,495.082947664763,1.05551420355592,1.01344494281599
2075,"Globe","RootTuber",497.021453960933,509.014546179776,494.124528149461,1.02412992864446,0.994171427031195
2080,"Globe","RootTuber",491.241145208955,518.256045710164,497.843530224728,1.05499315512286,1.01344021175784
2085,"Globe","RootTuber",510.125596517459,520.192516354461,505.562185230112,1.01973419860859,0.99105433775819
2090,"Globe","RootTuber",500.490813573285,511.849637647215,505.514585492645,1.0226953697568,1.01003769056917
2095,"Globe","RootTuber",530.200560180945,507.295266550397,520.47991566709,0.956798812844084,0.9816660991257
2100,"Globe","RootTuber",523.651428573783,505.961735568839,511.937593339163,0.96621857205064,0.977630472112863
2025,"Globe","Shrubland",4269.802961753,4870.27898883607,4504.33247317184,1.1406331937239,1.05492747874308
2030,"Globe","Shrubland",4258.348814217,5002.63513401637,4498.74082319419,1.17478284477648,1.05645192995337
2035,"Globe","Shrubland",4149.972557366,4662.92739502431,4180.11802294464,1.123604392696,1.00726401564394
2040,"Globe","Shrubland",4093.01760088732,4491.49054300396,4087.97626259386,1.09735431922654,0.998768307692505
2045,"Globe","Shrubland",4072.87009802554,4534.5559017264,4090.78777447416,1.11335637832512,1.00439927520824
2050,"Globe","Shrubland",3974.34817852875,4188.19050242159,3853.7666124376,1.05380563410325,0.969660039665728
2055,"Globe","Shrubland",4008.79945983163,4680.9712155906,4069.97380979865,1.16767407860986,1.01526001751397
2060,"Globe","Shrubland",4010.4474801044,4879.74505174542,4132.24790451607,1.21675824853799,1.03037078156887
2065,"Globe","Shrubland",4017.84463584076,4844.26477107608,4031.22821313517,1.20568742948976,1.0033310340512
2070,"Globe","Shrubland",3980.66189149603,4644.32344746464,3914.01569268901,1.1667214081624,0.98325750826781
2075,"Globe","Shrubland",3991.10689566195,4746.34730526916,3964.21703679047,1.18923081474668,0.993262556084202
2080,"Globe","Shrubland",3974.97298773143,4501.58687178857,3794.98428555978,1.13248238055517,0.954719515647736
2085,"Globe","Shrubland",3897.96926935698,4721.26293944408,3923.6336885542,1.21121091860812,1.00658404862218
2090,"Globe","Shrubland",3950.55325130664,4831.26334814453,3969.05204826469,1.22293335662457,1.00468258387656
2095,"Globe","Shrubland",3917.70142716358,5106.82354700091,4015.43424798314,1.30352545796178,1.02494646992288
2100,"Globe","Shrubland",3901.1519212397,4455.12320709992,3712.96166960662,1.14200197711967,0.951760337604778
2025,"Globe","Soybean",1052.30721558226,1092.61792998904,1072.84020626039,1.0383069827992,1.01951235378232
2030,"Globe","Soybean",993.87233086448,1138.67725529155,1053.72286800082,1.14569771179878,1.06021954256869
2035,"Globe","Soybean",1006.68630430054,1144.25551353288,1047.97811281044,1.13665548904822,1.04101755267107
2040,"Globe","Soybean",996.635907434419,1146.67350636552,1057.52428024508,1.15054404302704,1.06109389833987
2045,"Globe","Soybean",997.87748512451,1169.23111874944,1054.04005762398,1.17171810786326,1.05628203194951
2050,"Globe","Soybean",1010.38175150797,1143.83306747359,1037.54868716314,1.13208009325826,1.02688779326687
2055,"Globe","Soybean",980.655298413989,1152.71514614184,1025.76766309536,1.17545395207279,1.04600226476554
2060,"Globe","Soybean",954.308425513764,1095.36727327936,984.441376401468,1.14781264001694,1.03157569406503
2065,"Globe","Soybean",918.799956878455,1106.68411586135,967.406672165859,1.20448864584323,1.05290239178128
2070,"Globe","Soybean",879.293576577768,1077.45423241332,931.869504546314,1.22536347485535,1.05979337205348
2075,"Globe","Soybean",831.700038736107,1093.65490962721,909.281011839654,1.3149631582189,1.09327999217295
2080,"Globe","Soybean",852.161106983112,1032.87917363905,874.605916065601,1.21207030592576,1.02633869217753
2085,"Globe","Soybean",846.348343395563,1039.68619054288,883.212144628824,1.22843767422246,1.04355629868118
2090,"Globe","Soybean",821.173382711787,1045.68048439217,878.281801660123,1.27339792838753,1.06954489776537
2095,"Globe","Soybean",828.133561644342,1033.76642418304,867.937598315546,1.24830881401593,1.04806475490761
2100,"Globe","Soybean",858.730359330915,1008.03464227211,876.894379726263,1.17386631475045,1.02115218147114
2025,"Globe","SugarCrop",40.2405963950678,38.9892517471863,39.7965425435594,0.968903426887708,0.988965028073918
2030,"Globe","SugarCrop",37.3278659449228,38.4862278002995,37.6997404479749,1.03103209428275,1.00996238315903
2035,"Globe","SugarCrop",37.942230077475,38.7946918519329,38.3437136215554,1.02246736084614,1.01058144297951
2040,"Globe","SugarCrop",39.0754324791442,39.7275052533562,39.6749804506653,1.01668753825207,1.01534334832611
2045,"Globe","SugarCrop",38.7676232754292,42.3221101925992,40.539784421187,1.09168699592226,1.04571240112316
2050,"Globe","SugarCrop",49.8341659408565,43.2094489685709,46.4219049376474,0.867064756734409,0.931527679077466
2055,"Globe","SugarCrop",43.3003022702853,45.6074376905323,44.1166294855186,1.05328220126145,1.01885269091513
2060,"Globe","SugarCrop",43.3182723969458,45.4143530451175,43.8260655687316,1.04838790958615,1.01172237819488
2065,"Globe","SugarCrop",43.3988705615579,45.7850310533677,43.9906145865586,1.05498208734315,1.01363500979044
2070,"Globe","SugarCrop",45.2646473512127,46.6327529115701,44.9355320816795,1.03022459337288,0.99272908795733
2075,"Globe","SugarCrop",43.3982166120041,45.6097973376749,43.7358604317276,1.05096017528654,1.00778013121466
2080,"Globe","SugarCrop",41.0628733835048,46.3693648215244,42.5743822964206,1.12922844898017,1.03680962359353
2085,"Globe","SugarCrop",45.8080471416266,45.6783186327098,43.8417695923723,0.997167997393214,0.957075717653383
2090,"Globe","SugarCrop",45.3723324203057,46.4765733220676,44.8509710434785,1.02433731842421,0.988509266572466
2095,"Globe","SugarCrop",48.7559880839333,45.1368016329351,46.2901035899029,0.925769395858252,0.949423966348801
2100,"Globe","SugarCrop",42.1800243278607,47.6313950658162,43.6041572174584,1.12924057832643,1.03376320692772
2025,"Globe","SugarCropC4",258.727055869379,241.312269453519,252.372939965639,0.93269050908749,0.975440852591203
2030,"Globe","SugarCropC4",238.825482769893,247.200081926864,244.629402143896,1.03506576877744,1.0243019266901
2035,"Globe","SugarCropC4",254.945468830299,245.335446865754,246.007513751219,0.962305578488466,0.964941698630346
2040,"Globe","SugarCropC4",249.417766081341,247.875101935767,249.467646347323,0.993814938808044,1.00019998682037
2045,"Globe","SugarCropC4",258.579007519403,252.911308856736,254.933132167987,0.978081365857813,0.985900342853071
2050,"Globe","SugarCropC4",274.97124297258,251.657410718946,258.578609011726,0.915213561965245,0.940384187874915
2055,"Globe","SugarCropC4",271.380688870267,257.70682739398,264.290738000228,0.949613727000217,0.973874519592555
2060,"Globe","SugarCropC4",263.33301292489,256.855012556075,257.942023010213,0.975399968667574,0.979527861490673
2065,"Globe","SugarCropC4",256.749822387547,252.763901138332,249.811034309912,0.984475466381436,0.97297451654256
2070,"Globe","SugarCropC4",261.921882976154,245.555206800627,249.108298263932,0.93751313945381,0.951078601884563
2075,"Globe","SugarCropC4",257.641613828539,237.270671673178,242.925484016193,0.920933028431821,0.942881394066493
2080,"Globe","SugarCropC4",242.08379664661,237.581304293815,236.071785137878,0.981401099887047,0.975165576581287
2085,"Globe","SugarCropC4",241.176770686901,235.163518271526,233.694854870239,0.975067033204533,0.968977460825303
2090,"Globe","SugarCropC4",238.233947985085,235.710627963901,234.71599733486,0.989408226482724,0.9852332101282
2095,"Globe","SugarCropC4",234.391017723117,238.534224362796,230.597033155242,1.01767647361203,0.983813438736991
2100,"Globe","SugarCropC4",256.024899192706,233.026475347456,238.829291774603,0.910171143831054,0.932836191041092
2025,"Globe","Tundra",6343.36812097,6585.72661942316,6379.81761726778,1.03820659527105,1.00574607930719
2030,"Globe","Tundra",6343.36812097,6708.63614503089,6442.60549099949,1.05758266225373,1.01564427101455
2035,"Globe","Tundra",6343.36812097,7002.6892544838,6535.99079039371,1.10393865229644,1.03036599260051
2040,"Globe","Tundra",6343.36812097,7124.35821469968,6563.31182146312,1.12311915040022,1.03467301539162
2045,"Globe","Tundra",6343.36812097,7060.1416607583,6505.66378193204,1.11299573446144,1.02558509263013
2050,"Globe","Tundra",6343.36812097,7514.0503800879,6634.54422178752,1.1845521553838,1.04590244413767
2055,"Globe","Tundra",6343.36812097,7077.4202129354,6334.42807645612,1.11571961109095,0.998590647059514
2060,"Globe","Tundra",6343.36812097,7187.24348736683,6314.08653686287,1.13303269655865,0.995383905907915
2065,"Globe","Tundra",6343.36812097,7354.44980151334,6339.78877791957,1.15939192890302,0.999435734615717
2070,"Globe","Tundra",6343.36812097,7560.92337839178,6401.22231510154,1.19194144722529,1.00912042199479
2075,"Globe","Tundra",6343.36812097,7995.62107369576,6500.79848335463,1.26046934707505,1.02481810284101
2080,"Globe","Tundra",6343.36812097,7867.47179485474,6412.5384407107,1.24026725941481,1.01090435213937
2085,"Globe","Tundra",6343.36812097,7810.98747526889,6320.44227662145,1.23136279123502,0.996385856234204
2090,"Globe","Tundra",6343.36812097,7765.41456721822,6236.3064110342,1.22417845206669,0.98312226125079
2095,"Globe","Tundra",6343.36812097,8001.21122750864,6304.67946106037,1.26135060663721,0.993900927839623
2100,"Globe","Tundra",6343.36812097,7709.15016870265,6135.33055756107,1.21530865333475,0.967203927087064
2025,"Globe","UnmanagedForest",12745.320578729,12697.4385034664,12788.2015977082,0.996243164307494,1.00336445197391
2030,"Globe","UnmanagedForest",12469.807806938,12618.5145933577,12576.5932085032,1.01192534710415,1.00856351623205
2035,"Globe","UnmanagedForest",12064.213878032,12145.0673941536,12100.3066284683,1.00670192993419,1.00299172004088
2040,"Globe","UnmanagedForest",12330.170039303,12620.5520143262,12463.3297663688,1.02355052477764,1.01079950451951
2045,"Globe","UnmanagedForest",12411.818039741,12731.9691270588,12538.0536928923,1.02579405259509,1.01017060133714
2050,"Globe","UnmanagedForest",12323.616028719,12671.0697786849,12440.4081656311,1.0281941395412,1.00947709963049
2055,"Globe","UnmanagedForest",12472.3997150541,12642.027065339,12497.7240519964,1.01360021761331,1.00203043019153
2060,"Globe","UnmanagedForest",12739.2109437025,13288.2229627431,12977.6255965377,1.04309623425397,1.01871502512117
2065,"Globe","UnmanagedForest",12924.3083014414,13413.0060234761,12994.6285547708,1.03781229220446,1.00544092973405
2070,"Globe","UnmanagedForest",13035.6528576752,13871.7924384253,13283.9426003369,1.06414251667171,1.01904697412339
2075,"Globe","UnmanagedForest",13075.2164723824,13645.4894294721,13170.9681465978,1.04361480043517,1.00732314255887
2080,"Globe","UnmanagedForest",13094.2951493464,13685.5842972497,13162.7671166969,1.04515624103164,1.00522914494973
2085,"Globe","UnmanagedForest",13589.0785376871,14592.9865346617,13796.9207488374,1.07387609058189,1.01529479799339
2090,"Globe","UnmanagedForest",13568.0327991929,14431.6057529471,13690.4267931864,1.06364761690476,1.00902076194869
2095,"Globe","UnmanagedForest",13554.68145439,14580.5100293983,13722.8998538658,1.07568075859695,1.01241035431499
2100,"Globe","UnmanagedForest",13627.7332563144,14468.7503603348,13746.3783547338,1.06171364585748,1.00870615062592
2025,"Globe","UnmanagedPasture",19629.6653606452,20646.7728783854,20019.2949815531,1.0518148169647,1.01984902002909
2030,"Globe","UnmanagedPasture",19160.3013174434,19573.2521743244,19011.9888649429,1.02155241976832,0.992259388302761
2035,"Globe","UnmanagedPasture",18587.1185361838,19302.3224095507,18471.7682828031,1.03847846948275,0.993794075549895
2040,"Globe","UnmanagedPasture",18191.9079393628,19052.1251392901,18201.0126124718,1.04728570542433,1.00050047928669
2045,"Globe","UnmanagedPasture",17754.2534495985,18143.2658428813,17525.0720547128,1.02191094063105,0.987091465403696
2050,"Globe","UnmanagedPasture",17197.0369146867,17657.8641583685,16915.4387283704,1.02679689797539,0.983625191495881
2055,"Globe","UnmanagedPasture",17155.4928056182,17691.1475287298,16785.773818969,1.03122351127892,0.978448943971573
2060,"Globe","UnmanagedPasture",17270.7533541262,18657.4183165382,17188.5475958009,1.0802897785626,0.995240175304474
2065,"Globe","UnmanagedPasture",17271.6957160014,18356.4591019796,16838.3887346847,1.06280584163912,0.974912308065081
2070,"Globe","UnmanagedPasture",17030.9174920485,17331.032729553,16141.0279401953,1.01762178917517,0.94774858416943
2075,"Globe","UnmanagedPasture",17099.7906446447,18160.6650216503,16577.0906023937,1.06204019681012,0.969432371827626
2080,"Globe","UnmanagedPasture",16875.8052815211,17456.5473737181,15869.8680298158,1.03441270401674,0.940391748131462
2085,"Globe","UnmanagedPasture",16821.7035969965,18192.0105374247,16329.75896897,1.08146065186126,0.970755362250327
2090,"Globe","UnmanagedPasture",16738.5940025994,17990.064675479,16175.4719232176,1.0747655790376,0.966357862596207
2095,"Globe","UnmanagedPasture",16274.5914708813,17222.2516068339,15396.2642100024,1.05822942699657,0.946030764431144
2100,"Globe","UnmanagedPasture",16358.3114762182,16600.3652881327,15255.3459440854,1.01479699248094,0.932574609932308
2025,"Globe","UrbanLand",575.580762886,575.580762886,575.580762886,1,1
2030,"Globe","UrbanLand",575.580762886,575.580762886,575.580762886,1,1
2035,"Globe","UrbanLand",575.580762886,575.580762886,575.580762886,1,1
2040,"Globe","UrbanLand",575.580762886,575.580762886,575.580762886,1,1
2045,"Globe","UrbanLand",575.580762886,575.580762886,575.580762886,1,1
2050,"Globe","UrbanLand",575.580762886,575.580762886,575.580762886,1,1
2055,"Globe","UrbanLand",575.580762886,575.580762886,575.580762886,1,1
2060,"Globe","UrbanLand",575.580762886,575.580762886,575.580762886,1,1
2065,"Globe","UrbanLand",575.580762886,575.580762886,575.580762886,1,1
2070,"Globe","UrbanLand",575.580762886,575.580762886,575.580762886,1,1
2075,"Globe","UrbanLand",575.580762886,575.580762886,575.580762886,1,1
2080,"Globe","UrbanLand",575.580762886,575.580762886,575.580762886,1,1
2085,"Globe","UrbanLand",575.580762886,575.580762886,575.580762886,1,1
2090,"Globe","UrbanLand",575.580762886,575.580762886,575.580762886,1,1
2095,"Globe","UrbanLand",575.580762886,575.580762886,575.580762886,1,1
2100,"Globe","UrbanLand",575.580762886,575.580762886,575.580762886,1,1
2025,"Globe","Vegetables",473.52338512114,508.22015311999,492.453645637804,1.07327361032016,1.03997745647096
2030,"Globe","Vegetables",494.542967197641,532.718529046611,509.392690811034,1.07719361993012,1.03002716568297
2035,"Globe","Vegetables",525.782179246826,562.27759753962,541.113223166071,1.06941166843097,1.02915854611354
2040,"Globe","Vegetables",530.746407901337,583.527097315364,556.48907403536,1.09944615475163,1.04850276092459
2045,"Globe","Vegetables",529.160172732708,597.712650412884,560.93240349356,1.12954957914946,1.06004274773132
2050,"Globe","Vegetables",550.974035750438,605.04423914052,570.473819439649,1.09813566498907,1.0353914747773
2055,"Globe","Vegetables",542.396447633349,617.864565594152,573.720887188308,1.13913829688615,1.05775192608956
2060,"Globe","Vegetables",549.017729968539,635.720412634443,581.869598511826,1.15792328359026,1.05983753665873
2065,"Globe","Vegetables",554.600590222618,642.169763027082,584.669411816682,1.15789592428907,1.05421707463743
2070,"Globe","Vegetables",590.58678630166,651.710024662006,607.977596587604,1.10349577704423,1.02944666336822
2075,"Globe","Vegetables",590.389304304943,646.633191397969,605.597745636574,1.09526576224012,1.02576002176993
2080,"Globe","Vegetables",579.174267258567,662.603938756389,606.919186979151,1.14404934095695,1.04790426869604
2085,"Globe","Vegetables",603.321167105346,657.572907419752,614.160939642407,1.08992182484612,1.01796683611992
2090,"Globe","Vegetables",595.878728717276,656.574148703791,618.522985621602,1.10185867872339,1.03800145199523
2095,"Globe","Vegetables",638.542900466033,647.129041339595,636.552278262611,1.01344645891027,0.996882555264542
2100,"Globe","Vegetables",617.138813857595,649.852613522313,624.894801088859,1.05300881897256,1.012567654241
2025,"Globe","Wheat",1778.67812850262,1913.76940172146,1858.21401074967,1.07595037632389,1.04471628732176
2030,"Globe","Wheat",1678.76565251473,1905.5207791149,1775.63769927895,1.13507253157133,1.05770432973721
2035,"Globe","Wheat",1758.38071021915,1867.34930538007,1784.84117170762,1.06197099099622,1.01504819822845
2040,"Globe","Wheat",1751.19710512484,1844.76021416775,1786.1111799404,1.05342808571868,1.01993726161001
2045,"Globe","Wheat",1660.70767092691,1841.35567172971,1741.46291219068,1.10877772407829,1.04862700562989
2050,"Globe","Wheat",1758.06610366856,1859.75491204035,1772.21454846702,1.05784128831083,1.00804773197603
2055,"Globe","Wheat",1568.15869599955,1827.10711956108,1663.60449090949,1.16512896572402,1.06086488258709
2060,"Globe","Wheat",1553.48132673587,1777.09775440683,1614.95820236445,1.14394535925373,1.0395736173783
2065,"Globe","Wheat",1461.97693742277,1762.10815561083,1558.78265813776,1.2052913493404,1.0662156277825
2070,"Globe","Wheat",1486.06755504146,1780.45069623124,1581.779184034,1.19809539626317,1.06440597445779
2075,"Globe","Wheat",1409.44564676372,1706.33339207628,1508.25990422685,1.21064150007788,1.07010859744043
2080,"Globe","Wheat",1412.54694619327,1669.92459496086,1471.33417310815,1.18220820869791,1.04161789246956
2085,"Globe","Wheat",1449.68667688097,1597.52715978266,1441.25701864933,1.10198099027838,0.994185186105332
2090,"Globe","Wheat",1357.38191656434,1641.79481492059,1440.58290066213,1.20953049019256,1.06129519119305
2095,"Globe","Wheat",1415.6263550095,1583.93779646358,1430.09227107865,1.1188953856775,1.01021873887694
2100,"Globe","Wheat",1312.20283047129,1541.81954493165,1357.07547686019,1.17498568752355,1.03419642554253
